Date,S,E,I,R,All exposed,Daily exposed,Daily cases,Daily recoveries,Daily deaths,All cases,All recoveries,All deaths,Active cases
2020-01-31,66400000.0,0.0,1.0,0.0,1.0,0.0,0.0,0.0,0.0,0.0,0.0,0.0,0.0
2020-02-01,66399998.55695888,1.2896448622106007,0.7166645655272842,0.4367316907021537,2.4430411184400387,1.4430411184400387,2.500879113976123e-06,1.8653602057043308e-14,7.920719239853281e-12,2.500879113976123e-06,1.8653602057043308e-14,7.920719239853281e-12,2.500871174603281e-06
2020-02-02,66399997.32494255,2.1462626162936616,0.7191974054960748,0.8095974236641948,3.6750574454539313,1.2320163270138926,0.00015162650113307818,1.3601457595216216e-10,9.839333714731357e-10,0.0001541273802470543,1.360332295542192e-10,9.91854090712989e-10,0.00015412625235973403
2020-02-03,66399995.95801318,2.961033908531623,0.8576587514055687,1.2232941594149886,5.04198681935218,1.366929373898249,0.0008613690506678924,1.3032388039502584e-08,3.591130200339465e-08,0.0010154964309149466,1.3168421269056804e-08,3.6903156094107637e-08,0.0010154463593375835
2020-02-04,66399994.266435966,3.911461447872523,1.0868580623558781,1.7352445206868297,6.733564030915231,1.6915772115630503,0.002452165436568121,3.7433965647664156e-07,3.481099286767354e-07,0.0034676618674830675,3.8750807774569834e-07,3.85013084770843e-07,0.0034668893463205507
2020-02-05,66399992.09763743,5.10847852268613,1.4022596567301162,2.3916243887690234,8.90236256818527,2.168798537270039,0.005069711776548387,3.964011119642059e-06,1.8297729953903452e-06,0.008537373644031454,4.351519197387758e-06,2.214786080161188e-06,0.008530807338753905
2020-02-06,66399989.29103543,6.648283326879293,1.8196478024404132,3.241033448171473,11.708964577491178,2.8066020093059088,0.008782771596569138,2.326808855453505e-05,6.620836919635899e-06,0.01732014524060059,2.761960775192281e-05,8.835622999797087e-06,0.017283690009848873
2020-02-07,66399985.644615695,8.64715523973627,2.363618377872984,4.344610690113112,15.355384307722364,3.6464197302311856,0.013679013494679326,9.206714433603742e-05,1.865355056148506e-05,0.030999158735279916,0.00011968675208796023,2.7489173561282148e-05,0.030851982809630675
2020-02-08,66399980.90813605,11.241059306679972,3.072713487292509,5.77809116102039,20.09186395499287,4.736479647270507,0.0199276094039575,0.00027532197014616395,4.4001291354568734e-05,0.05092676813923741,0.0003950087222341242,7.149046491585089e-05,0.05046026895208744
2020-02-09,66399974.74831284,14.615127031727862,3.9942179482115105,7.6423421839262975,26.251687163865668,6.1598232088727976,0.02781774738888443,0.000670037669570425,9.102686628174923e-05,0.07874451552812184,0.0010650463918045491,0.00016251733119760012,0.0775169518051197
2020-02-10,66399966.7413487,19.001799999941397,5.191226475343244,10.065624831626359,34.258651306911,8.00696414304533,0.03778623049303207,0.0013963682756791553,0.00017042800676891968,0.1165307460211539,0.0024614146674837045,0.0003329453379665198,0.11373638601570368
2020-02-11,66399956.34041239,24.697137136532252,6.74901440319414,13.213436070771436,44.65958761049783,10.400936303586832,0.05044642335711155,0.0025851814633735272,0.00029532100337514817,0.16697716937826546,0.005046596130857232,0.000628266341341668,0.16130230690606656
2020-02-12,66399942.81099602,32.104648608818636,8.776282484096125,17.30807289234143,58.18900398525619,13.529416374758362,0.06662379505369785,0.004370091935388416,0.00048150164220085154,0.23360096443196332,0.009416688066245647,0.0011097679835425196,0.22307450838217516
2020-02-13,66399925.205473594,41.75238117465679,11.405812966892324,22.636332268216943,75.79452640976606,17.60552242450987,0.08740612898922938,0.0068889224765485675,0.0007479998770976857,0.3210070934211927,0.016305610542794214,0.0018577678606402051,0.3028437150177583
2020-02-14,66399902.326750375,54.296228381130476,14.816508780624785,29.560512464408138,98.6732496261634,22.878723216397333,0.11421723708545731,0.01029520164312454,0.0011180203090028291,0.43522433050665,0.026600812185918754,0.002975788169643034,0.4056477301510882
2020-02-15,66399872.652148545,70.54479707888608,19.2616056141568,38.54144876210552,128.3478514551484,29.674601828985004,0.14891150911091397,0.01477748365559991,0.0016203480664942812,0.584135839617564,0.04137829584151866,0.004596136236137315,0.538161407539908
2020-02-16,66399834.05849127,91.65906006540915,25.06073014429379,50.22171852816694,166.94150873786987,38.593657282721466,0.19388682311117547,0.020583738738183744,0.0022913051944473814,0.7780226627287394,0.06196203457970241,0.006887441430584697,0.7091731867184523
2020-02-17,66399783.802845635,119.16654834219494,32.59913653703016,65.431469488022,217.1971543672471,50.25564562937723,0.2522403646489612,0.028049176478361696,0.003177362295969417,1.0302630273777007,0.0900112110580641,0.010064803726554113,0.9301870125930825
2020-02-18,66399718.365696475,155.07791891266322,42.32049903945743,85.23588557954459,282.63430353166524,65.43714916441814,0.3280060324271176,0.037627582002602605,0.004338541037626968,1.3582690598048184,0.12763879306066672,0.014403344764181081,1.2162269219799706
2020-02-19,66399633.37240135,201.7259046650859,54.94273790121886,110.95895608926178,367.62759865556654,84.9932951239013,0.4264596529808667,0.04992772695352769,0.005852797752721258,1.784728712785685,0.17756652001419443,0.020256142516902338,1.5869060502545882
2020-02-20,66399523.23635438,261.96365620221025,71.50851061056343,144.29147880714942,477.7636456199231,110.13604696435658,0.5544718655299512,0.06575749273833958,0.007821669304314853,2.339200578315636,0.243324012752534,0.028077811821217193,2.067798753741885
2020-02-21,66399380.02773665,340.19019114549803,93.14861765811963,187.6334545539433,620.9722633575609,143.20861773763778,0.7209057906124505,0.08617948847767608,0.010377573057486607,3.0601063689280865,0.3295035012302101,0.0384553848787038,2.6921474828191725
2020-02-22,66399193.41147708,442.4027016199308,121.07295610520696,244.11286519634655,807.5885229214842,186.61625956392334,0.9371869798954876,0.11258338357511634,0.013693254748547356,3.997293348823574,0.44208688480532643,0.05214863962725116,3.5030578243909964
2020-02-23,66398950.31195116,575.9785473354599,157.02231490225103,317.68718660923236,1050.6880488469433,243.09952592545903,1.2182215970625758,0.14678126186758997,0.017993978651882903,5.21551494588615,0.5888681466729164,0.07014261827913407,4.556504180934099
2020-02-24,66398635.35422564,748.4080762335063,204.2278648433542,413.009833286446,1365.6457743633064,314.9577255163631,1.5835781830125237,0.1911324721708204,0.023573241234807057,6.799093128898673,0.7800006188437368,0.09371585951394112,5.925376650540995
2020-02-25,66398226.4204602,971.7645146929585,266.03981219163643,536.7752129146043,1774.5795397991992,408.93376543589284,2.0587187879696467,0.24870496095864636,0.03081313564845544,8.85781191686832,1.0287055798023832,0.12452899516239657,7.70457734190354
2020-02-26,66397693.33935127,1263.9008561971582,345.644335625744,698.1154569174465,2307.6606487403487,533.0811089411495,2.676414286477954,0.32348368715381204,0.04021090207229377,11.534226203346273,1.3521892669561952,0.16473989723469035,10.017297039155387
2020-02-27,66396999.3806338,1645.0253173785766,448.44577099879564,908.1482778277505,3001.619366205123,693.958717464774,3.4792199261371737,0.420643444011759,0.052413514251573694,15.013446129483448,1.7728327109679543,0.21715341148626405,13.02346000702923
2020-02-28,66396100.299421415,2136.908883138622,583.5254155103701,1180.2662799388318,3900.7005785878237,899.0812123827009,4.522928744177621,0.546908309360875,0.06826253166946027,19.536374873661067,2.3197410203288293,0.2854159431557243,16.931217910176514
2020-02-29,66394932.001530536,2775.2027645766816,759.9240732945268,1533.871631596323,5068.998469467531,1168.2978908797077,5.880074460998312,0.7110203918585531,0.08885229801115078,25.41644933465938,3.0307614121873825,0.3742682411668751,22.011419681305124
2020-03-01,66393408.512980536,3610.861870840281,986.6337822994168,1994.991366326242,6592.48701946594,1523.4885499984084,7.644152578066014,0.9243447845615334,0.11560573593141872,33.060601912725396,3.9551061967489156,0.48987397709829383,28.615621738878186
2020-03-02,66391428.03806137,4697.7979442228825,1280.7195457957582,2594.4444486162065,8572.961938634848,1980.474919168908,9.936911940364027,1.2016535721807684,0.15037296694251207,42.99751385308942,5.156759768929684,0.6402469440408058,37.20050714011894
2020-03-03,66388861.55118175,6101.05367740671,1667.0976457804572,3371.29749507228,11139.448818259447,2566.486879624599,12.917845942142044,1.56214901063606,0.19555923684101162,55.91535979523147,6.718908779565743,0.8358061808818175,48.360644834783905
2020-03-04,66385524.17804003,7925.016538482121,2170.2682420993433,4381.537179392029,14476.821959973493,3337.373141714046,16.79367873920637,2.0307939448766272,0.25429113514513335,72.70903853443784,8.74970272444237,1.090097316026951,62.86923849396852
2020-03-05,66381171.78767871,10313.94748184516,2816.15593554342,5699.10890390717,18829.212321295752,4352.390361322259,21.83114883023086,2.640034583871004,0.3306331611849087,94.5401873646687,11.389737308313375,1.4207304772118596,81.72971957914346
2020-03-06,66375520.79270174,13413.256673105687,3657.028063074641,7409.922562083844,24480.207298264173,5650.994976968421,28.378382019867377,3.4320425927856446,0.42986927127755314,122.91856938453607,14.82177990109902,1.8505997484894128,106.24618973494763
2020-03-07,66368196.41964325,17415.5112072117,4761.518316217478,9627.550833325093,31804.580356754268,7324.373058490095,36.890935144067114,4.461641464707396,0.5588680113494723,159.80950452860318,19.28342136580642,2.409467759838885,138.11661540295788
2020-03-08,66358668.06820914,22623.686893192993,6196.381107679327,12512.86378998935,41332.93179086167,9528.351434107404,47.95771806564935,5.800103302572302,0.7265572435232371,207.76722259425253,25.083524668378722,3.136025003362122,179.54767292251168
2020-03-09,66346242.98677528,29445.718811347444,8036.283311450149,16276.011101929467,53758.01322472707,12425.081433865395,62.339182267071024,7.5400643542301315,0.9445425610882695,270.10640486132354,32.623589022608854,4.080567564450392,233.40224827426428
2020-03-10,66330128.615272135,38276.84835706794,10438.029054525936,21157.5073162707,69872.38472786457,16114.371503137503,81.02929870752267,9.80192885332163,1.2279103933784206,351.1357035688462,42.42551787593048,5.308477957828812,303.4017077350869
2020-03-11,66309245.69326768,49678.11259573157,13591.955311229442,27485.23882536403,90755.30673232503,20882.92200446046,105.32726798140314,12.742219069678182,1.5962690500144354,456.46297155024934,55.16773694560867,6.904747007843247,394.3904875967974
2020-03-12,66282078.6642309,64523.51414854162,17678.626334479635,35720.19528608641,117922.33576910767,27167.02903678264,136.90845359335424,16.564387568181804,2.0751025195624977,593.3714251436036,71.73212451379047,8.979849527405745,512.6594511024074
2020-03-13,66246671.71623131,83958.01165193152,22913.00171882534,46458.270397934604,153329.28376869147,35406.947999583805,177.93608336233711,21.53281375173298,2.697533240335088,771.3075085059406,93.26493826552345,11.677382767740834,666.3651874726763
2020-03-14,66200819.32112505,109049.34009764923,29760.232030313375,60372.10674698736,199181.67887494995,45852.39510625848,231.23871402931587,27.99105151395136,3.5066083814504063,1002.5462225352564,121.25598977947482,15.18399114919124,866.1062416065904
2020-03-15,66141442.56238782,141413.63548914914,38740.836644879746,78403.96547815463,258558.4376121835,59376.758737233555,300.5060704487741,36.38559468366384,4.558260491964146,1303.0522929840306,157.64158446313866,19.742251641155384,1125.6684568797366
2020-03-16,66064256.33812392,183547.198055888,50328.21843873407,101869.24538146451,335744.6618760866,77186.2242639031,390.48091612300647,47.29657711864803,5.9251547911362605,1693.533209107037,204.9381615817867,25.667406432291646,1462.9276410929585
2020-03-17,65963861.772784285,238547.02508511196,65158.80245986631,132433.39967074245,436139.22721572075,100394.56533963414,507.2790593365876,61.4774601507235,7.701691066999405,2200.812268443625,266.4156217325102,33.36909749929105,1901.0275492118235
2020-03-18,65834218.42727309,309234.64640347066,84582.14643044764,171965.77989299863,565782.572726917,129643.34551119624,658.8816330290375,79.9067182020204,10.010475405666279,2859.693901472662,346.3223399345306,43.37957290495733,2469.991988633174
2020-03-19,65666718.917097986,400179.063071858,109945.81219798196,223157.20763218077,733282.0829020208,167499.5101751038,855.6440479028886,103.85496034258239,13.010679846739617,3715.337949375551,450.177300277113,56.39025275169695,3208.770396346741
2020-03-20,65449585.78891688,518299.80088515056,142396.11029364035,289719.29990433314,950415.2110831242,217133.12818110338,1110.7949621382638,134.97128224564938,16.908872316619508,4826.132911513815,585.1485825227624,73.29912506831646,4167.685203922737
2020-03-21,65168870.91918317,671104.1707618725,183918.97335825884,376106.9366966952,1231130.0808168266,280714.8697337024,1441.316793521363,175.3944410258561,21.973030022535067,6267.449705035178,760.5430235486185,95.27215509085153,5411.634526395708
2020-03-22,64808757.297565244,865631.2377556579,238169.03659288396,487443.42808621726,1591243.7024347591,360113.6216179326,1869.1953935430215,227.8968471632645,28.5505599865976,8136.645098578199,988.439870711883,123.82271507744913,7024.382512788867
2020-03-23,64346737.603247896,1113888.3932120546,308164.04234506766,631210.961194986,2053263.3967521084,462019.69431734923,2422.541003328505,296.06999950265646,37.09141503136893,10559.186101906704,1284.5098702145394,160.91413010881806,9113.762101583347
2020-03-24,63753251.2496097,1433077.5786101997,396209.4458743321,817462.7259057708,2646749.750390303,593486.3536381945,3136.713774605771,384.5606474464482,48.17775729282954,13695.899876512474,1669.0705176609877,209.0918874016476,11817.737471449838
2020-03-25,62997901.247351095,1836496.532065892,508621.2085392184,1056982.012043795,3402099.7526489054,755350.0022586025,4056.4092391608883,499.37122970976134,62.56181461680381,17752.309115673364,2168.441747370749,271.6537020184514,15312.213666284164
2020-03-26,62045277.889252394,2338307.064256592,653322.2168638284,1363093.829627187,4354723.110747607,952623.358098702,5238.061638824457,648.2422354933614,81.21372271277335,22990.37075449782,2816.6839828641105,352.86742473122473,19820.819346902485
2020-03-27,60846656.279549874,2964179.6545159463,834042.9161447008,1755122.1497894851,5553344.720450132,1198621.6097025247,6751.048495798905,841.1325181527232,105.38161451704993,29741.419250296727,3657.8165010168336,458.24903924827464,25625.353710031617
2020-03-28,59349235.141086765,3739617.7044285815,1055120.5551604894,2256027.5993241733,7050765.858913244,1497421.1384631116,8678.948770345221,1090.8126728552197,136.66654178457648,38420.36802064195,4748.629173872054,594.9155810328512,33076.823265737046
2020-03-29,57514555.886925705,4666449.167777199,1332124.0900999876,2886871.8551971186,8885445.113074306,1834679.2541610627,11122.035990495286,1413.591511693359,177.1143212772871,49542.40401113724,6162.220685565413,772.0299023101383,42608.15342326168
2020-03-30,55294857.38591719,5757767.031776773,1669639.010019341,3677737.5722867055,11105143.61408282,2219698.5010085143,14197.093859420173,1830.1908057331664,229.3257116593107,63739.49787055741,7992.41149129858,1001.355613969449,54745.73076528938
2020-03-31,52639490.41571804,7032162.681888664,2061447.6623076827,4666900.240085623,13760510.58428197,2655366.970199149,18032.16668395281,2366.76025068986,296.5856632454771,81771.66455451022,10359.17174198844,1297.9412772149262,70114.55153530686
2020-04-01,49553494.719235376,8444261.43928683,2521355.3417959437,5880889.499681863,16846506.280764636,3085995.696482666,22761.39136238413,3056.002648618781,383.0097282523603,104533.05591689434,13415.174390607222,1680.9510054672864,89436.93052081983
2020-04-02,46058174.78402476,9945346.303216722,3045665.580276646,7350814.332481882,20341826.215975247,3495319.9352106117,28515.624698191004,3938.3524267664147,493.7004841843016,133048.68061508535,17353.526817373637,2174.6514896515882,113520.50230806012
2020-04-03,42186316.88008495,11495719.59060815,3602427.0902412287,9115537.43906569,24213684.11991507,3871857.903939821,35400.665206068035,5063.075668529967,634.9010138327728,168449.34582115337,22416.602485903604,2809.5525034843613,143223.19083176542
2020-04-04,38063400.6920133,12966527.559746578,4187745.340012074,11182327.408228058,28336600.30798671,4122916.188071642,43473.62002293611,6489.050488600696,814.1243299777063,211922.9658440895,28905.6529745043,3623.6768334620674,179393.63603612312
2020-04-05,33825290.06348348,14248661.444429126,4771424.922415408,13554624.569672003,32574710.93651654,4238110.628529828,52718.3646789768,8284.887173821935,1040.2253829476267,264641.3305230663,37190.54014832624,4663.902216409694,222786.88815833034
2020-04-06,29606261.20092826,15265907.938975945,5295522.302101323,16232309.557994487,36793739.79907175,4219028.862555213,63013.67985089267,10527.924554350868,1323.3712271970926,327655.01037395897,47718.464702677105,5987.273443606787,273949.2722276751
2020-04-07,25586017.294648916,15901804.664761271,5747638.8963466715,19164540.14424316,40813983.7053511,4020243.906279348,74113.91525808125,13301.505242432462,1674.8576889892333,401768.92563204025,61019.969945109566,7662.13113259602,333086.8245543347
2020-04-08,21884267.007437892,16124143.70281357,6086542.108273196,22305048.18147536,44515733.99256213,3701750.2872110307,85647.8274371574,16689.91457555875,2106.718867405834,487416.75306919764,77709.88452066832,9768.850000001854,399938.0185485275
2020-04-09,18579768.659007553,15948154.172645861,6276799.548381546,25595278.619965058,47820232.340992466,3304498.3484303355,97132.17419711003,20770.52507981412,2631.08788634683,584548.9272663076,98480.40960048244,12399.937886348684,473668.5797794765
2020-04-10,15727863.43743135,15397031.762446469,6332247.545281572,28942858.254840624,50672137.562568665,2851905.221576199,108012.87355882186,25603.058154341506,3259.296625490263,692561.8008251295,124083.46775482394,15659.234511838946,552819.0985584665
2020-04-11,13320202.845174138,14554390.401028428,6243023.886182388,32282383.867615063,53079798.15482588,2407660.5922572166,117723.76382416677,31216.53802963609,4000.7453657509022,810285.5646492962,155300.00578446002,19659.97987758985,635325.5789872464
2020-04-12,11325154.08082778,13506839.220702121,6024745.785100763,35543261.91336935,55074846.919172235,1995048.7643463537,125748.31447117329,37595.38085466221,4861.627006609139,936033.8791204696,192895.38663912224,24521.606884198987,718616.8855971483
2020-04-13,9698613.241175283,12331738.78453616,5711555.242231318,38658093.73205726,56701387.758824736,1626540.839652501,131678.01556071002,44666.89348653139,5843.642050210035,1067711.8946811797,237562.28012565363,30365.24893440902,799784.3656211171
2020-04-14,8383723.574304983,11106702.031015618,5323498.957805863,41586076.436873555,58016277.42569503,1314889.666870296,135253.2322398951,52292.97915178263,6942.8741046740415,1202965.1269210747,289855.25927743624,37308.12303908306,875801.7446045554
2020-04-15,7326870.426266121,9889397.331511673,4889502.321791046,44294230.92043118,59073130.573733896,1056853.1480388641,136379.97766574385,60268.749485214015,8149.001094983811,1339345.1045868185,350124.00876265025,45457.12413406687,943763.9716901014
2020-04-16,6477700.592955172,8723030.21899054,4431153.206915454,46768116.98113885,59922300.40704484,849169.8333109468,135124.6371747328,68329.85510638038,9444.989196144825,1474469.7417615512,418453.8638690306,54902.113330211694,1001113.764562309
2020-04-17,5796200.1968189,7634048.304118555,3970715.68234595,48999036.81671661,60603800.80318111,681500.396136269,131690.47894562103,76168.80104301023,10807.358169004447,1606160.2207071723,494622.6649120408,65709.47149921615,1045828.0842959153
2020-04-18,5250741.121000472,6635058.311447435,3529384.6609274135,50984816.9066247,61149259.878999546,545459.0758184344,126382.63499603851,83458.6815376698,12207.03066226799,1732542.855703211,578081.3464497107,77916.50216148414,1076545.007092016
2020-04-19,4810858.154840914,5736204.693089807,3109706.1753520677,52743231.97671723,61589142.84515911,439882.96615956724,119568.02109216785,89881.15657511816,13610.699771935102,1852110.8767953787,667962.5030248289,91527.20193341924,1092621.1718371306
2020-04-20,4454043.245021906,4938680.8806467205,2716273.701793541,54291003.17253785,61945957.75497811,356814.90981899947,111637.2304734129,95154.56998830408,14982.583247811028,1963748.1072687916,763117.0730131329,106509.78518123027,1094121.2490744286
2020-04-21,4165293.365272551,4235269.2719569495,2362185.40433963,55637252.958430886,62234707.63472746,288749.87974935025,102973.51646986869,99058.11437969397,16286.38960025046,2066721.6237386602,862175.1873928269,122796.17478148073,1081750.2615643525
2020-04-22,3930468.4786745585,3620291.8310433975,2045961.9174765632,56803278.7728055,62469532.521325454,234824.886597991,93929.2387950104,101448.81270700194,17487.306254311272,2160650.862533671,963624.0000998288,140283.481035792,1056743.3813980499
2020-04-23,3737954.118038145,3087580.604524534,1761781.8046299522,57812684.472807385,62662046.88196187,192514.3606364131,84809.9065568683,102269.51448007948,18553.83201551655,2245460.7690905393,1065893.5145799082,158837.31305130856,1020729.9414593226
2020-04-24,3579803.1095396955,2628017.810988875,1510938.6939010508,58681241.3855704,62820197.89046033,158151.00849846005,75866.27910858214,101547.71234941325,19459.309040273547,2321327.0481991214,1167441.2269293214,178296.6220915821,975589.1991782179
2020-04-25,3450004.1029727748,2232161.2687485702,1294565.4780068884,59423270.15027179,62949996.89702725,129799.00656691939,67292.80518346824,99386.4025082586,20183.054909146857,2388619.8533825898,1266827.62943758,198479.67700072896,923312.5469442809
2020-04-26,3342706.780657027,1893356.5609551664,1105661.1791700595,60058276.47921777,63057294.21934299,107297.32231574506,59230.190047382086,95949.16867769416,20711.04539410265,2447850.0434299717,1362776.7981152742,219190.7223948316,865882.5229198659
2020-04-27,3253651.2320418353,1604496.185662659,940772.6046785541,60601080.97761697,63146349.76795819,89055.54861519486,51770.8375631374,91442.06809618276,21036.145910481657,2499620.880993109,1454218.866211457,240226.86830531326,805175.146476339
2020-04-28,3179818.5935512925,1358161.3513889161,799688.1562342135,61062332.8988256,63220182.40644873,73832.63849054277,44966.141595963825,86094.80511072151,21157.928998617124,2544587.022589073,1540313.6713221786,261384.7973039304,742888.5539629641
2020-04-29,3118514.9742026273,1148353.4337414661,679662.4914716781,61453470.10058425,63281486.0257974,61303.61934866756,38834.259217842555,80143.23867523942,21082.14367584412,2583421.2818069155,1620456.909997418,282466.9409797745,680497.4308297229
2020-04-30,3067378.476966602,970442.1883032816,576381.037939393,61785799.29679075,63332622.523033425,51136.49723602831,33367.57272423066,73814.64673747066,20819.919485976785,2616788.854531146,1694271.5567348888,303286.8604657513,619230.437330506
2020-05-01,3024630.636321967,819852.3092284896,487577.2588678373,62067940.79558173,63375370.36367805,42747.84064462781,28539.559056968254,67316.51466033637,20386.79424988407,2645328.4135881145,1761588.0713952251,323673.6547156354,560066.6874772541
2020-05-02,2988955.451878993,692157.7769166463,412496.09520698787,62306391.6759974,63411045.548121035,35675.18444298208,24310.799740639846,60829.03922231006,19801.65167583482,2669639.2133287545,1822417.1106175352,343475.30639147025,503746.7963197491
2020-05-03,2959145.8170883693,583913.1582315557,349157.8757647499,62507784.14891535,63440855.18291166,29809.634790621698,20633.91814528242,54501.10330867541,19085.645564078135,2690273.1314740367,1876918.2139262105,362560.9519555484,450793.9655922778
2020-05-04,2934163.3813563744,492511.4591243472,295139.258791212,62678186.90072809,63465837.61864365,24982.435731992126,17457.462248328906,48449.19515522726,18261.17379963743,2707730.593722366,1925367.4090814379,380822.1257551858,401541.05888574215
2020-05-05,2913196.874132287,415455.09202617605,248984.65512609147,62822364.37871547,63486804.12586774,20966.507224090397,14728.888897210885,42758.608937176934,17350.949830987087,2722459.4826195766,1968126.0180186147,398173.07558617287,356160.389014789
2020-05-06,2895615.2109539816,350373.46638378804,209964.28869071737,62944048.03397153,63504385.78904604,17581.663178302348,12396.755702910672,37486.24176051115,16377.203680730549,2734856.238322487,2005612.259779126,414550.2792669034,314693.6992764578
2020-05-07,2880888.576673327,295251.347105269,177360.08296583965,63046500.99325559,63519112.4233267,14726.634280659258,10412.215608524353,32664.358950561058,15361.030096437624,2745268.4539310113,2038276.618729687,429911.309363341,277080.5258379832
2020-05-08,2868516.9622119246,248750.59085743455,149751.02192446426,63132982.4250062,63531484.0377881,12371.614461399615,8729.947277686984,28304.80117391048,14321.889088142885,2753998.4012086983,2066581.4199035976,444233.1984514839,243183.7828536168
2020-05-09,2858114.5562464753,209634.29842117478,126241.86208967173,63206010.2832427,63541886.44375355,10402.405965447426,7308.669080371849,24403.22727782056,13277.254231113784,2761307.0702890703,2090984.647181418,457510.4526825977,212811.97042505455
2020-05-10,2849365.085128634,176727.97702114796,106257.59237681756,63267650.34547342,63550635.91487139,8749.471117839217,6111.352079155231,20943.10658573073,12242.396837597193,2767418.4223682256,2111927.7537671486,469752.84952019487,185737.81908088218
2020-05-11,2842020.6427885364,148923.18952881653,89532.20325968308,63319524.96442299,63557980.35721149,7344.442340105772,5105.200545823614,17899.280863726544,11230.289294609027,2772523.6229140493,2129827.034630875,480983.1388148039,161713.4494683703
2020-05-12,2835852.2975956253,125392.14540888778,75571.92544403196,63363184.63155148,63564148.7024044,6168.345192909241,4261.469689473539,15241.0029081328,10251.60823551584,2776785.092603523,2145068.037539008,491234.74705031974,140482.308014195
2020-05-13,2830660.5500846463,105580.437852079,63751.25738208507,63400008.754681215,63569340.44991538,5191.747510977089,3555.183448809736,12934.4245284593,9314.817368529564,2780340.2760523325,2158002.462067467,500549.5644188493,121788.24956601602
2020-05-14,2826287.688187012,88947.99095041186,53682.16036936451,63431083.16049324,63573713.31181302,4372.86189763993,2964.804896483116,10944.553075510192,8426.310309526942,2783305.0809488157,2168947.0151429772,508975.8747283762,105382.19107746222
2020-05-15,2822604.942916986,74976.6412772739,45125.806475169455,63457293.609330595,63577396.05708304,3682.74527002126,2471.8867333144667,9236.725076399376,7590.595268928354,2785776.96768213,2178183.7402193765,516566.46999730455,91026.7574654491
2020-05-16,2819512.241427137,63171.13994490063,37989.9844995508,63479327.63412844,63580488.75857289,3092.7014898508787,2060.717214620284,7777.661199584404,6810.505576076033,2787837.6848967504,2185961.401418961,523376.9755733806,78499.30790440866
2020-05-17,2816915.11532343,53171.99358749196,32067.68061397945,63497846.210475124,63583085.8846766,2597.126103706658,1717.9762971504404,6536.172340923498,6087.4224920898205,2789555.6611939007,2192497.5737598846,529464.3980654704,67593.68936854578
2020-05-18,2814726.8558134893,44756.57002080028,27054.434391523424,63513463.13977421,63585274.144186534,2188.259509935975,1432.4142480594787,5483.585455497682,5421.499323919516,2790988.0754419602,2197981.1592153823,534885.8973893899,58121.01883718802
2020-05-19,2812880.930633133,37697.32083608885,22775.27406609712,63526647.47446471,63587120.069366895,1845.9251803606749,1194.562725644747,4593.952371313768,4811.8783324784035,2792182.638167605,2202575.111586696,539697.7757218684,49909.75085904042
2020-05-20,2811324.1427530125,31773.59542391543,19129.28218874339,63537773.97963436,63588676.85724702,1556.7878801226616,996.4785288020561,3844.0969823380374,4256.89420937889,2793179.116696407,2206419.208569034,543954.6699312472,42805.238196125836
2020-05-21,2810016.618562689,26771.683017807678,16089.47973975307,63547123.21867978,63589984.38143734,1307.5241903215647,831.5154207208037,3213.547322686497,3754.2599099947347,2794010.632117128,2209632.7558917203,547708.929841242,36668.94638416567
2020-05-22,2808920.1308715553,22532.29920562428,13582.412697608037,63554966.15722524,63591080.869128466,1096.4876911267638,694.1225453114321,2684.390195177754,3301.2323385740647,2794704.754662439,2212317.146086898,551010.162179816,31377.446395725012
2020-05-23,2807995.767635765,18964.630034833077,11460.238497591856,63561580.36383183,63592005.23236426,924.3632357940078,579.6692919568317,2241.077984202099,2894.756773172751,2795284.423954396,2214558.2240711004,553904.9189529888,26821.28093030688
2020-05-24,2807215.3812614423,15971.573826415985,9647.841579192853,63567166.203332976,63592785.618738584,780.3863743245602,484.2973256738934,1870.2102748432776,2531.590006179825,2795768.72128007,2216428.434345944,556436.5089591687,22903.777974957484
2020-05-25,2806556.837610565,13459.286111374386,8103.6808847989405,63571881.19539329,63593444.16238946,658.5436508730054,404.79656384973885,1560.306912023239,2208.402988397883,2796173.51784392,2217988.741257967,558644.9119475666,19539.864638386294
2020-05-26,2806003.930155009,11337.441164641861,6818.997289258137,63575840.631391115,63593997.06984501,552.9074555560946,338.4990867799763,1301.5841443295312,1921.8643376200275,2796512.0169307,2219290.3254022966,560566.7762851865,16654.915243216674
2020-05-27,2805539.8165913234,9542.055881314223,5754.396040782865,63579164.7314866,63594461.1834087,464.11356368660927,283.1882215663974,1085.7415389264222,1668.706443714574,2796795.205152266,2220376.066941223,562235.4827289011,14183.655482142
2020-05-28,2805148.481669673,8031.993695622775,4852.510842491416,63581968.01379223,63594852.51833034,391.33492164313793,237.02171093660334,905.7643936137441,1445.7761067783968,2797032.2268632026,2221281.831334837,563681.2588356795,12069.136692686356
2020-05-29,2804818.2344192085,6764.6778294228325,4084.0588397534198,63584334.028911635,63595182.76558081,330.24725046753883,198.4684943616025,755.7442276664046,1250.071717574944,2797230.6953575644,2222037.575562503,564931.3305532545,10261.78924180672
2020-05-30,2804539.8033348285,5699.620246804164,3432.5413123759386,63586329.03510601,63595461.19666519,278.4310843795538,166.25666456558014,630.7183632780695,1078.7689632277115,2797396.95202213,2222668.2939257813,566010.0995164822,8718.558579866658
2020-05-31,2804306.0618820093,4799.279198380741,2891.6909419543026,63588003.96797768,63595694.93811802,233.74145282804966,139.32968208059546,526.5284596610226,929.2369450696838,2797536.2817042107,2223194.8223854424,566939.3364615518,7402.122857216396
2020-06-01,2804109.36580032,4039.2153146947926,2438.8742895446567,63589413.544595465,63595891.6341997,196.69608168303967,116.80945116211561,439.69708353263155,799.0464528778059,2797653.0911553726,2223634.5194689753,567738.3829144296,6280.18877196766
2020-06-02,2803943.557955308,3400.3984198109824,2055.1944884015174,63590601.8491365,63596057.44204471,165.8078450113535,97.9655930385347,367.3209559700423,685.9719684929537,2797751.056748411,2224001.840424945,568424.3548829226,5324.861440543435
2020-06-03,2803803.7473969897,2864.255057818557,1729.1007786927494,63591603.89676652,63596197.25260303,139.8105583190918,82.19037439056709,306.97931563259715,587.9887866176796,2797833.247122802,2224308.8197405776,569012.3436695402,4512.083712683991
2020-06-04,2803685.982964227,2413.258422689687,1453.7838932357763,63592447.97471987,63596315.01703579,117.76443275809288,68.97799945900391,256.65577383954104,503.2664530384168,2797902.225122261,2224565.475514417,569515.6101225787,3821.1394852651283
2020-06-05,2803587.0620456175,2031.6767358197953,1225.2466741385704,63593157.01454445,63596413.93795441,98.92091862112284,57.907309485338395,214.6720450787086,430.1595391605134,2797960.132431746,2224780.1475594956,569945.7696617392,3234.2152105111163
2020-06-06,2803503.7448996194,1709.7625679879118,1033.2634593635394,63593754.22907305,63596497.2551004,83.31714598834515,48.627335939393866,179.6320030547896,367.1966020117145,2798008.7597676856,2224959.7795625506,570312.9662637509,2736.013941384037
2020-06-07,2803433.522914811,1439.3627677513898,870.5214064824861,63594257.592910975,63596567.47708521,70.22198481112719,40.84535369005561,150.37463020986047,313.06802401547844,2798049.6051213755,2225110.1541927606,570626.0342877664,2313.4166408485034
2020-06-08,2803374.3258577655,1212.5812942710372,732.1537457494752,63594681.93910223,63596626.67414226,59.19705704599619,34.31711181252851,125.93457440906778,266.61328868465085,2798083.922233188,2225236.0887671695,570892.6475764511,1955.1858895674814
2020-06-09,2803324.4695185213,1021.8905102543399,615.3052685283983,63595039.334702715,63596676.530481495,49.85633923858404,28.838725483355415,105.50917460347492,226.80812767453267,2798112.7609586716,2225341.597941773,571119.4557041256,1651.7073127729818
2020-06-10,2803282.6034310954,860.3927929899559,518.5479097923002,63595339.45586614,63596718.396568924,41.866087429225445,24.2399044829018,88.43095662297121,192.7518711523277,2798137.0008631544,2225430.028898396,571312.2075752779,1394.7643894804642
2020-06-11,2803247.3584103817,723.9818550646735,437.54332338653626,63595592.11641119,63596753.64158964,35.24502071738243,20.378300551421905,74.14473148521603,163.65524621560786,2798157.3791637057,2225504.1736298813,571475.8628214935,1177.3427123308647
2020-06-12,2803217.6384413606,609.3931065242372,368.7961904000392,63595805.17226174,63596783.36155866,29.719969019293785,17.134825315990817,62.188552148416065,138.82879576962264,2798174.5139890215,2225566.36218203,571614.6916172631,993.4601897284156
2020-06-13,2803192.560149224,513.3638928874949,310.1209850278248,63595984.95497288,63596808.43985079,25.07829213142395,14.409819251723881,52.17789649426699,117.6720313421406,2798188.9238082734,2225618.540078524,571732.3636486053,838.0200811440591
2020-06-14,2803171.4208300347,432.7287664755787,260.3493273945509,63596136.50107612,63596829.57916999,21.139319196343422,12.119867332332415,43.79254123538138,99.66338621398369,2798201.0436756057,2225662.3326197593,571832.0270348192,706.6840210271766
2020-06-15,2803153.6890476043,364.45994610666713,219.23149781262958,63596263.6195085,63596847.31095242,17.73178242892027,10.195121727204995,36.765674393260404,84.35099839527979,2798211.238797333,2225699.0982941524,571916.3780332145,595.7624699661974
2020-06-16,2803138.7910689614,306.68255300130147,185.10334669069994,63596370.42303137,63596862.20893106,14.897978641092777,8.57704648149184,30.874866237174192,71.34432481249016,2798219.8158438145,2225729.97316039,571987.722358027,502.12032539770007
2020-06-17,2803126.2221644493,258.1187598454927,156.1291764009896,63596460.52989933,63596874.77783558,12.568904519081116,7.2165379757281745,25.934581852316516,60.30656713383894,2798227.03238179,2225755.9077422423,572048.0289251609,423.09571438701823
2020-06-18,2803115.602953123,217.41193452232577,131.3254080180219,63596536.65970436,63596885.3970469,10.619211323559284,6.0723963451035985,21.789972333782263,50.947874668162996,2798233.104778135,2225777.697714576,572098.976799829,356.43026373011526
2020-06-19,2803106.642051608,183.2388262784969,110.21790678702419,63596600.90121535,63596894.357948415,8.960901513695717,5.110063555199284,18.311725757483444,43.019279618169215,2798238.2148416904,2225796.0094403336,572141.9960794472,300.2093219095841
2020-06-20,2803099.1309307464,154.3260544218098,92.79376155584873,63596654.749253295,63596901.86906927,7.511120855808258,4.300551293574532,15.391795227178886,36.30731369076352,2798242.515392984,2225811.401235561,572178.303393138,252.81076428492088
2020-06-21,2803092.8231025105,129.87516228691467,78.33088022640266,63596699.970855,63596908.17689751,6.307828240096569,3.619524514042712,12.939852050560672,30.62925180399195,2798246.1349174976,2225824.3410876114,572208.932644942,212.8611849442823
2020-06-22,2803087.501034112,109.32359948907018,66.04986159923226,63596738.12550482,63596913.49896591,5.322068400681019,3.0465320301552112,10.880338938966528,25.82892764377133,2798249.181449528,2225835.2214265503,572234.7615725857,179.1984503918793
2020-06-23,2803083.006537232,92.08060365997848,55.565619702033075,63596770.34723943,63596917.993462786,4.494496874511242,2.5643840640096793,9.150020759642786,21.773066521420958,2798251.745833592,2225844.37144731,572256.5346391071,150.83974717510864
2020-06-24,2803079.217888366,77.5812975544816,46.69213206475739,63596797.508682035,63596921.78211165,3.7886488661170006,2.158639261032099,7.69594828256713,18.34808290434177,2798253.904472853,2225852.0673955926,572274.8827220114,126.95435524906497
2020-06-25,2803076.040483079,65.31470799003327,39.35676433293282,63596820.28804462,63596924.95951694,3.1774052903056145,1.817166303275779,6.473764305394972,15.457292769285361,2798255.7216391563,2225858.541159898,572290.3400147808,106.84046447754372
2020-06-26,2803073.364857918,54.972260377590516,33.19280267793666,63596839.47007904,63596927.635142095,2.675625152885914,1.5297681301245838,5.446293154371594,13.018494248749544,2798257.2514072866,2225863.9874530523,572303.3585090295,89.9054452048149
2020-06-27,2803071.1086904434,46.28333638521956,27.963011662654537,63596855.64496153,63596929.891309574,2.2561674788594246,1.2878671779462194,4.582364909240167,10.961873654294731,2798258.5392744644,2225868.5698179617,572314.3203826838,75.64907381893136
2020-06-28,2803069.206047806,38.98761722625682,23.520965280216906,63596869.28536971,63596931.79395222,1.9026426449418068,1.084248812041133,3.8558346482675625,9.228197683021957,2798259.6235232763,2225872.42565261,572323.5485803668,63.649290299392305
2020-06-29,2803067.604659417,32.84094057622597,19.7883644637429,63596880.766035564,63596933.39534061,1.6013883873820305,0.9128461692788332,3.244764103477911,7.7672563191615716,2798260.5363694457,2225875.6704167137,572331.315836686,53.55011604609899
2020-06-30,2803066.2586842803,27.64213415808545,16.683583170801807,63596890.41559841,63596934.74131574,1.3459751307964325,0.768557001869524,2.730738531803552,6.536524541367635,2798261.3049264476,2225878.4011552455,572337.8523612273,45.05140997481067
2020-07-01,2803065.124467411,23.26473502481287,14.06376971594586,63596898.54702787,63596935.87553261,1.1342168748378754,0.6470884869254232,2.2982960175517246,5.500014368802253,2798261.9520149343,2225880.699451263,572343.3523755961,37.90018807514571
2020-07-02,2803064.1686743647,19.590075773879033,11.84194610080345,63596905.39930378,63596936.83132565,0.9557930380105972,0.5448278344613128,1.9344502887059802,4.627291979506377,2798262.4968427685,2225882.633901552,572347.9796675756,31.883273641113192
2020-07-03,2803063.363287602,16.505772083110262,9.957652078711366,63596911.173288256,63596937.63671242,0.8053867667913437,0.45873497398632274,1.6282914631096275,3.892637588866211,2798262.9555777423,2225884.262193015,572351.8723051645,26.82107956300024
2020-07-04,2803062.6855959767,13.905748273325642,8.376854728661858,63596916.03180104,63596938.31440404,0.6776916235685349,0.386251918024219,1.3706518431346808,3.2743284756305306,2798263.3418296603,2225885.632844858,572355.14663364,22.562351162428968
2020-07-05,2803062.115871927,11.703415730132424,7.064439922995723,63596920.11627244,63596938.88412809,0.569724053144455,0.32522602717954485,1.1538260260816613,2.7540279881226297,2798263.6670556874,2225886.786670884,572357.9006616282,18.97972317505628
2020-07-06,2803061.6357677523,9.848239878595663,5.957751616311452,63596923.55824077,63596939.364232264,0.4801041707396507,0.2738452807770354,0.9713363719980435,2.3162655598998043,2798263.9409009684,2225887.7580072563,572360.2169271881,15.965966523974203
2020-07-07,2803061.231024132,8.291864938940048,5.017177073105442,63596926.45993388,63596939.76897589,0.40474362671375275,0.23058421917524585,0.8177363796792521,1.947994723523711,2798264.1714851875,2225888.575743636,572362.1649219117,13.430819639703259
2020-07-08,2803060.8897651215,6.987486604314206,4.2162556066215,63596928.90649269,63596940.1102349,0.34125901013612747,0.19415891084805842,0.6884457826013772,1.638217848705972,2798264.3656440983,2225889.264189419,572363.8031397604,11.298314918996766
2020-07-09,2803060.602492013,5.88987509972378,3.5416176538874327,63596930.96601526,63596940.39750801,0.287273108959198,0.16348884152253362,0.5796122028928908,1.3776678643244153,2798264.52913294,2225889.843801622,572365.1808076247,9.504523693351075
2020-07-10,2803060.3615577593,4.958350482910043,2.9867670422868704,63596932.69332474,63596940.63844226,0.24093425273895264,0.13766457311255093,0.4879950422659595,1.1585385704387767,2798264.666797513,2225890.3317966643,572366.3393461951,7.995654653757811
2020-07-11,2803060.158723021,4.171885619836164,2.521900680446173,63596934.1474907,63596940.841277,0.20283474028110504,0.11592034400794919,0.41086799787173245,0.9742563238620422,2798264.782717857,2225890.742664662,572367.313602519,6.726450675865635
2020-07-12,2803059.987510084,3.5117185263534583,2.1258181680604538,63596935.37495325,63596941.012489945,0.17121294140815735,0.09761116427533158,0.34593719258753813,0.8192869062344326,2798264.8803290213,2225891.0886018546,572368.1328894253,5.658837741357274
2020-07-13,2803059.8428282468,2.958778039875953,1.7861850666558092,63596936.41220867,63596941.15717178,0.14468183368444443,0.08219400064696274,0.2912724063861382,0.6889722735707527,2798264.9625230217,2225891.379874261,572368.8218616989,4.760787061764859
2020-07-14,2803059.7208385323,2.4942843946026327,1.4980977046576733,63596937.286779396,63596941.2791615,0.12198971956968307,0.06921190690205378,0.24524929842771592,0.5793926566869545,2798265.0317349285,2225891.6251235595,572369.4012543556,4.00535701343324
2020-07-15,2803059.6187763195,2.1003771001217006,1.2623610482552978,63596938.01848555,63596941.3812237,0.10206220299005508,0.0582803939145393,0.2065008432922797,0.48725014712280584,2798265.0900153224,2225891.8316244027,572369.8885045027,3.3698864170582965
2020-07-16,2803059.533007475,1.7674474403419698,1.0661640643413932,63596938.63338104,63596941.46699254,0.08576884120702744,0.049075711528689205,0.17387649422547505,0.4097704758222783,2798265.139091034,2225892.005500897,572370.2982749785,2.8353151585906744
2020-07-17,2803059.460584202,1.4878015329499243,0.8990150442119462,63596939.152599245,63596941.53941582,0.07242327928543091,0.04132501984872201,0.14640783869047957,0.34462018336998657,2798265.1804160536,2225892.1519087357,572370.6428951619,2.3856121560093015
2020-07-18,2803059.399364179,1.2532927094733168,0.7558442172653425,63596939.59149892,63596941.60063585,0.06122002750635147,0.03479848091786544,0.12327971915629116,0.2898368015788373,2798265.2152145347,2225892.275188455,572370.9327319635,2.0072941163089126
2020-07-19,2803059.3477715026,1.056020387758303,0.6348300769591022,63596939.96137805,63596941.65222852,0.05159267038106918,0.029302660416338902,0.10380595271723428,0.2437700263392578,2798265.244517195,2225892.3789944076,572371.1765019898,1.689020797610283
2020-07-20,2803059.3045711108,0.8889725742777398,0.5353652545954949,63596940.27109108,63596941.69542891,0.04320038855075836,0.02467480423782579,0.08740891064244381,0.20503216934578883,2798265.2691919995,2225892.466403318,572371.3815341592,1.4212545221671462
2020-07-21,2803059.2681792723,0.7482232587022961,0.4516053830115818,63596940.53199211,63596941.73182075,0.036391839385032654,0.020777881012059823,0.07360233272751039,0.17245643869891353,2798265.2899698806,2225892.540005651,572371.5539905978,1.195973631925881
2020-07-22,2803059.2374757146,0.6299994927669864,0.38041220126711806,63596940.75211261,63596941.76252431,0.030703559517860413,0.01749643330066175,0.061976858331560816,0.14506182157589986,2798265.3074663137,2225892.6019825093,572371.6990524194,1.006431385059841
2020-07-23,2803059.2115763025,0.5306869735351323,0.3199455938570593,63596940.937791154,63596941.788423724,0.02589941769838333,0.014733222248906185,0.0521878479337156,0.12202353172396183,2798265.322199536,2225892.654170357,572371.8210759511,0.8469532277667895
2020-07-24,2803059.189797608,0.44691370000532765,0.2693613479451688,63596941.09392737,63596941.81020242,0.021778695285320282,0.012406393874806448,0.043945138348506566,0.10264814543126055,2798265.33460593,2225892.6981154955,572371.9237240965,0.7127663379069418
2020-07-25,2803059.1714771977,0.3761560292404454,0.22709640686675847,63596941.22527039,63596941.828522824,0.01832040399312973,0.01044704243081845,0.03700442594751671,0.08635268614352291,2798265.3450529724,2225892.7351199216,572372.0100767827,0.5998562681488693
2020-07-26,2803059.1560394666,0.3166411772961635,0.19137252413090006,63596941.33594686,63596941.84396056,0.015437737107276917,0.008797138888505057,0.03116001623212428,0.07264703355117777,2798265.3538501114,2225892.7662799377,572372.0827238163,0.5048463573912159
2020-07-27,2803059.143030347,0.26667598654348346,0.16108161144397098,63596941.42921208,63596941.85696968,0.013009116053581238,0.007407809660366433,0.026238720157312892,0.06111913081408002,2798265.361257921,2225892.7925186576,572372.1438429471,0.42489631625358015
2020-07-28,2803059.1320716576,0.22467572655725365,0.1354753231031509,63596941.50777732,63596941.86792837,0.01095869392156601,0.00623790033941044,0.02209471519480285,0.05142254629264248,2798265.3674958213,2225892.814613373,572372.1952654934,0.3576169549487531
2020-07-29,2803059.1228558165,0.18918495071832517,0.11411156088342808,63596941.573847696,63596941.87714421,0.009215839207172394,0.005252759602758878,0.018605219230773313,0.043266016030652416,2798265.3727485808,2225892.833218592,572372.2385315094,0.3009984791278839
2020-07-30,2803059.115094134,0.15920082621915913,0.09621217240239804,63596941.629492894,63596941.88490589,0.007761679589748383,0.004423208586256132,0.01566684896269073,0.03640465223978303,2798265.3771717893,2225892.848885441,572372.2749361617,0.25335018639452755
2020-07-31,2803059.10855492,0.13399512929185067,0.08107602792225588,63596941.67637395,63596941.89144511,0.0065392181277275085,0.0037246729875677407,0.013192554199602118,0.030632552818555266,2798265.380896462,2225892.862077995,572372.3055687145,0.2132497524144128
2020-08-01,2803059.103045945,0.11286274946609624,0.06822233595944549,63596941.715868995,63596941.89695408,0.005508974194526672,0.003136458772227406,0.011109036728432834,0.02577658891146497,2798265.384032921,2225892.873187032,572372.3313453034,0.17950058542191982
2020-08-02,2803059.0984059195,0.0951280297724687,0.05733172607484381,63596941.749134354,63596941.90159411,0.00464002788066864,0.0026411416418857187,0.009354577135617813,0.021691182887389367,2798265.3866740623,2225892.882541609,572372.3530364863,0.15109596704132855
2020-08-03,2803059.094504429,0.08014521982823883,0.048245388976789115,63596941.77710499,63596941.9054956,0.0039014890789985657,0.0022240505160818057,0.007877205150832187,0.01825391891819887,2798265.388898113,2225892.890418814,572372.3712904053,0.1271888935007155
2020-08-04,2803059.091224752,0.06743976717812099,0.04071779454612066,63596941.80061772,63596941.90877528,0.003279678523540497,0.0018728311345186752,0.006633159202558914,0.015361853434182789,2798265.390770944,2225892.8970519733,572372.3866522587,0.10706671187654138
2020-08-05,2803059.0884602848,0.05674421619342508,0.034358743413457515,63596941.82043678,63596941.91153974,0.002764463424682617,0.0015770782737515256,0.005585589462731329,0.012928413855595457,2798265.392348022,2225892.9026375627,572372.3995806725,0.09012978698592633
2020-08-06,2803059.0861267834,0.04778070333717791,0.028926376356883637,63596941.83716617,63596941.91387325,0.002333506941795349,0.0013280289064985197,0.004703465927196253,0.010880791772518475,2798265.393676051,2225892.9073410286,572372.4104614643,0.07587355806026608
2020-08-07,2803059.0841566036,0.04027486894792033,0.02427774203745699,63596941.851290815,63596941.91584343,0.0019701793789863586,0.001118305955741583,0.003960659138920508,0.009157751696970699,2798265.394794357,2225892.911301688,572372.419619216,0.0638734531821683
2020-08-08,2803059.082498702,0.033955857239707274,0.020368796999209605,63596941.86317667,63596941.91750133,0.0016579031944274902,0.0009417006336876323,0.003335166211054174,0.007707789088694933,2798265.395736058,2225892.914636854,572372.4273270051,0.053772198618389666
2020-08-09,2803059.0811122507,0.028584800231976633,0.017186532702430826,63596941.87311644,63596941.91888777,0.0013864412903785706,0.0007929863492865603,0.0028084591014399946,0.006487581933854238,2798265.396529044,2225892.917445313,572372.433814587,0.04526914388407022
2020-08-10,2803059.0799442893,0.02405690895255415,0.014509014121486474,63596941.88148981,63596941.92005574,0.0011679679155349731,0.0006677600553104565,0.002364935799537486,0.005460689047774715,2798265.397196804,2225892.919810249,572372.439275276,0.03811127913650125
2020-08-11,2803059.078957753,0.02025505402680873,0.012224709629214483,63596941.88856251,63596941.92104227,0.000986531376838684,0.0005623106167835974,0.0019914582322852308,0.004596455744919931,2798265.397759115,2225892.9218017072,572372.4438717318,0.03208567586261779
2020-08-12,2803059.078124675,0.017062518901331862,0.010277805178671847,63596941.89453503,63596941.92187535,0.0008330792188644409,0.00047351259292111215,0.0016769632544438623,0.0038690937983964333,2798265.3982326277,2225892.9234786704,572372.4477408256,0.027013131650164723
2020-08-13,2803059.0774246347,0.01436891012308598,0.008652712854719784,63596941.89955377,63596941.92257539,0.000700041651725769,0.0003987358476616721,0.0014121351413130053,0.0032569078905492935,2798265.3986313636,2225892.9248908055,572372.4509977335,0.022742824628949165
2020-08-14,2803059.0768361716,0.012094493138223004,0.007296771713792279,63596941.903772585,63596941.92316385,0.0005884617567062378,0.0003357668836955394,0.0011891297391291298,0.002741645196046359,2798265.3989671306,2225892.9260799354,572372.4537393787,0.0191478164633736
2020-08-15,2803059.0763401208,0.010181826792070008,0.006149192126815768,63596941.90732889,63596941.923659906,0.0004960522055625916,0.00028274158290546086,0.0010013420194305378,0.002307948469935533,2798265.399249872,2225892.9270812776,572372.4560473271,0.01612126745749265
2020-08-16,2803059.07592191,0.00857511108242916,0.005175873703854056,63596941.91032713,63596941.924078114,0.0004182085394859314,0.00023808975072680245,0.0008432102230258907,0.0019428961462545965,2798265.399487962,2225892.9279244877,572372.4579902233,0.013573250966146588
2020-08-17,2803059.0755696716,0.007222731601651242,0.004355220102389864,63596941.9128524,63596941.92443035,0.0003522336483001709,0.000200489155423998,0.0007100509419118772,0.0016356155840386425,2798265.399688451,2225892.928634539,572372.4596258389,0.01142807339783758
2020-08-18,2803059.0752734,0.006079847667555779,0.0036703390304952876,63596941.91497644,63596941.92472663,0.00029627978801727295,0.00016882650665703172,0.0005979203403956743,0.0013769578088916859,2798265.3998572775,2225892.929232459,572372.4610027968,0.009622021694667637
2020-08-19,2803059.0750237578,0.005116730290094438,0.003093357556969407,63596941.91676618,63596941.92497627,0.0002496391534805298,0.00014216428793375764,0.0005034973791351703,0.0011592239571110675,2798265.3999994416,2225892.9297359562,572372.4621620207,0.008101464598439634
2020-08-20,2803059.0748135224,0.004307982575167208,0.0026051184065436403,63596941.918273404,63596941.92518651,0.00021024048328399658,0.00011971288545713912,0.0004239855094381841,0.000975935191390958,2798265.4001191542,2225892.930159942,572372.4631379559,0.006821256596595049
2020-08-21,2803059.074636496,0.0036295193353926922,0.002191467021734048,63596941.91954254,63596941.92536353,0.00017702579498291016,0.0001008073235868962,0.0003570298775228753,0.0008216391695321276,2798265.4002199615,2225892.9305169717,572372.4639595951,0.0057433947222307324
2020-08-22,2803059.074487473,0.0030585972375130038,0.0018430319476844788,63596941.92061092,63596941.92551255,0.00014901906251907349,8.488761624041428e-05,0.0003006475789516408,0.0006917472504020763,2798265.4003048493,2225892.9308176194,572372.4646513424,0.004835887462832034
2020-08-23,2803059.074362123,0.002574808276194396,0.0015535102663302024,63596941.92150958,63596941.9256379,0.00012534856796264648,7.148218421878472e-05,0.00025316890918191065,0.0005823975482392008,2798265.4003763315,2225892.9310707883,572372.4652337399,0.004071803297847509
2020-08-24,2803059.074256524,0.0021660845777393654,0.001310771308627778,63596941.92226664,63596941.9257435,0.00010559707880020142,6.01938866931476e-05,0.0002131878826478752,0.0004903397253151792,2798265.4004365252,2225892.931283976,572372.4657240796,0.003428469644859433
2020-08-25,2803059.0741675156,0.0018228995939711553,0.0011048433950566737,63596941.92290476,63596941.9258325,8.900463581085205e-05,5.068827874979617e-05,0.00017952056373626661,0.0004128380675538584,2798265.4004872134,2225892.9314634963,572372.4661369177,0.0028867993969470263
2020-08-26,2803059.0740924557,0.001535728941651526,0.0009289535739622197,63596941.923442885,63596941.92590757,7.506459951400757e-05,4.2683769520723684e-05,0.00015116998112702827,0.000347589937836684,2798265.4005298973,2225892.9316146662,572372.4664845077,0.0024307233979925513
2020-08-27,2803059.0740291905,0.0012951527997225622,0.0007792307687881502,63596941.92389645,63596941.92597083,6.326287984848022e-05,3.5943303735906257e-05,0.0001272965885747886,0.0002926571641271423,2798265.400565841,2225892.9317419627,572372.4667771648,0.002046713256277144
2020-08-28,2803059.073976052,0.001091855909306674,0.0006547057780766029,63596941.92427741,63596941.926023975,5.3144991397857666e-05,3.0267314708909493e-05,0.00010719339663787225,0.0002464083082411194,2798265.4005961083,2225892.931849156,572372.4670235731,0.0017233791295439005
2020-08-29,2803059.0739315986,0.0009185638560430305,0.0005537547952832838,63596941.92459611,63596941.926068425,4.445016384124756e-05,2.5487746996401016e-05,9.026503713875226e-05,0.00020747008781146282,2798265.4006215963,2225892.931939421,572372.4672310431,0.0014511318877339363
2020-08-30,2803059.0738941524,0.0007724624255780004,0.0004688431044387667,63596941.92486457,63596941.92610587,3.744661808013916e-05,2.1463003256254025e-05,7.601013885992428e-05,0.00017468649861886095,2798265.400643059,2225892.9320154316,572372.4674057297,0.001221897779032588
2020-08-31,2803059.073862406,0.0006502140166907219,0.00039524123468950877,63596941.92509216,63596941.92613762,3.174692392349243e-05,1.8073762406486292e-05,6.400649085269177e-05,0.0001470844153107248,2798265.4006611328,2225892.932079438,572372.4675528142,0.0010288804769515991
2020-09-01,2803059.073835418,0.0005482413226978819,0.00033071920762052585,63596941.925285645,63596941.926164605,2.6986002922058105e-05,1.5219583412872704e-05,5.389855099177505e-05,0.00012384464263584045,2798265.4006763524,2225892.9321333366,572372.4676766588,0.0008663571206852794
2020-09-02,2803059.0738126123,0.00046273762927401653,0.000275528685033879,63596941.92544915,63596941.92618741,2.2806227207183838e-05,1.2816012935731637e-05,4.53869256506569e-05,0.00010427755261653988,2798265.4006891684,2225892.9321787236,572372.4677809363,0.0007295084651559591
2020-09-03,2803059.0737937405,0.00038977240189018897,0.0002320698600909469,63596941.92558444,63596941.92620628,1.8872320652008057e-05,1.079203581963895e-05,3.821950571634322e-05,8.78025804801768e-05,2798265.4006999605,2225892.9322169432,572372.4678687388,0.0006142784841358662
2020-09-04,2803059.0737780444,0.00032769337525001725,0.00019731730242855474,63596941.92569697,63596941.92622198,1.5698373317718506e-05,9.087821502601855e-06,3.218399720604874e-05,7.393096769909855e-05,2798265.4007090484,2225892.9322491274,572372.4679426698,0.0005172512028366327
2020-09-05,2803059.0737647223,0.0002756416723542661,0.00016718383592110027,63596941.92579248,63596941.9262353,1.3321638107299805e-05,7.652838712242132e-06,2.7101630341474445e-05,6.2251237537894e-05,2798265.400716701,2225892.932276229,572372.468004921,0.00043555116280913353
2020-09-06,2803059.073753319,0.000232253944051987,0.00014022318373856465,63596941.925874226,63596941.9262467,1.1399388313293457e-05,6.444451941132844e-06,2.2821865942876223e-05,5.241697003989415e-05,2798265.4007231453,2225892.932299051,572372.4680573379,0.000366756459698081
2020-09-07,2803059.0737436106,0.0001959780455680544,0.00011660251715225019,63596941.92594383,63596941.92625641,9.708106517791748e-06,5.426811615995555e-06,1.9217942524748447e-05,4.41365119967512e-05,2798265.400728572,2225892.932318269,572372.4681014745,0.0003088288940489292
2020-09-08,2803059.0737355887,0.00016510013669065183,9.799188176017902e-05,63596941.92600134,63596941.926264435,8.024275302886963e-06,4.569828518435177e-06,1.618312679928284e-05,3.716431529823389e-05,2798265.400733142,2225892.932334452,572372.4681386388,0.00026005145628005266
2020-09-09,2803059.073728958,0.00013879633907701262,8.338920386521536e-05,63596941.92604888,63596941.926271066,6.631016731262207e-06,3.848199712687426e-06,1.3627550999025388e-05,3.129364580078612e-05,2798265.4007369904,2225892.9323480795,572372.4681699324,0.00021897850092500448
2020-09-10,2803059.0737233283,0.00011673918967334621,7.071561975745668e-05,63596941.92608924,63596941.9262767,5.632638931274414e-06,3.2405598647556305e-06,1.1475543694482825e-05,2.6350445792433875e-05,2798265.400740231,2225892.9323595553,572372.4681962829,0.00018439278937876225
2020-09-11,2803059.0737185036,9.835647732824463e-05,5.933419273738484e-05,63596941.92612383,63596941.92628152,4.820525646209717e-06,2.728865881625338e-06,9.663380983482686e-06,2.218816746363673e-05,2798265.4007429597,2225892.9323692187,572372.468218471,0.00015526998322457075
2020-09-12,2803059.0737143927,8.298788740598926e-05,4.934168307225165e-05,63596941.9261533,63596941.92628563,4.112720489501953e-06,2.2979391627147993e-06,8.137396815437629e-06,1.8683423646855048e-05,2798265.4007452577,2225892.932377356,572372.4682371544,0.00013074721209704876
2020-09-13,2803059.073711002,6.989812302689638e-05,4.151147227746471e-05,63596941.92617761,63596941.92628902,3.390014171600342e-06,1.935039629340814e-06,6.852396380882051e-06,1.5732326429362498e-05,2798265.4007471926,2225892.9323842083,572372.4682528868,0.00011009746231138706
2020-09-14,2803059.0737082134,5.87147381376851e-05,3.5493328752447635e-05,63596941.9261976,63596941.92629181,2.7865171432495117e-06,1.6294547210909512e-06,5.7703213521781226e-06,1.3247404782864881e-05,2798265.400748822,2225892.932389979,572372.4682661342,9.270897135138512e-05
2020-09-15,2803059.0737058455,4.9336219244827835e-05,3.0263114188365413e-05,63596941.926214576,63596941.92629418,2.3692846298217773e-06,1.372135897391624e-06,4.8591241899391446e-06,1.1155009623549113e-05,2798265.400750194,2225892.932394838,572372.4682772892,7.806706707924604e-05
2020-09-16,2803059.0737037957,4.156452289337043e-05,2.538907765347087e-05,63596941.926229276,63596941.92629623,2.0489096641540527e-06,1.1554385039558665e-06,4.0918185137715285e-06,9.393129202467511e-06,2798265.4007513495,2225892.9323989297,572372.4682866823,6.573752034455538e-05
2020-09-17,2803059.07370202,3.513251476276739e-05,2.086800944826169e-05,63596941.926242,63596941.926298,1.773238182067871e-06,9.729353384020943e-07,3.4456794585971816e-06,7.909549898407015e-06,2798265.4007523223,2225892.9324023756,572372.4682945919,5.535478703677654e-05
2020-09-18,2803059.0737005337,2.9703969666881915e-05,1.7125241105480412e-05,63596941.92625266,63596941.92629949,1.4901161193847656e-06,8.192415682986381e-07,2.9015711282213002e-06,6.660307759360325e-06,2798265.4007531414,2225892.932405277,572372.4683012522,4.661199636757374e-05
2020-09-19,2803059.073699384,2.492519170408252e-05,1.4812246607457721e-05,63596941.926260896,63596941.92630063,1.1399388313293457e-06,6.898383463535854e-07,2.443380332086076e-06,5.608384813560416e-06,2798265.400753831,2225892.9324077205,572372.4683068607,3.924989141523838e-05
2020-09-20,2803059.073698471,2.0789950826449795e-05,1.3314469370652881e-05,63596941.926267445,63596941.92630155,9.164214134216309e-07,5.809022453980971e-07,2.057539043269906e-06,4.7226114636829534e-06,2798265.4007544117,2225892.9324097782,572372.4683115833,3.305019345134497e-05
2020-09-21,2803059.07369766,1.7383640813552235e-05,1.1719870921383552e-05,63596941.92627326,63596941.92630236,8.121132850646973e-07,4.891720307861231e-07,1.732621921085805e-06,3.976742388465356e-06,2798265.4007549006,2225892.932411511,572372.46831556,2.7829664759337902e-05
2020-09-22,2803059.0736968853,1.4687422539962414e-05,9.634954559347591e-06,63596941.926278815,63596941.92630313,7.748603820800781e-07,4.118899276759156e-07,1.4590079484878335e-06,3.348678500919275e-06,2798265.4007553128,2225892.93241297,572372.4683189087,2.3434171453118324e-05
2020-09-23,2803059.0736961463,1.2578846747589726e-05,7.184367158767884e-06,63596941.92628411,63596941.92630388,7.450580596923828e-07,3.467647897059549e-07,1.2285961930348294e-06,2.8198118402414826e-06,2798265.4007556597,2225892.9324141983,572372.4683217285,1.973286271095276e-05
2020-09-24,2803059.0736955106,1.0831854045680336e-05,5.010899168392344e-06,63596941.926288664,63596941.926304504,6.258487701416016e-07,2.919144902422025e-07,1.0345661634480258e-06,2.3744739561311083e-06,2798265.4007559516,2225892.932415233,572372.468324103,1.6615609638392925e-05
2020-09-25,2803059.0736951064,9.129747806837678e-06,4.218483309515993e-06,63596941.92629156,63596941.926304914,4.0978193283081055e-07,2.457787193976824e-07,8.711747788683048e-07,1.9994714567954985e-06,2798265.4007561975,2225892.9324161042,572372.4683261025,1.3990793377161026e-05
2020-09-26,2803059.073694863,7.526176078185536e-06,4.320031421590281e-06,63596941.926293306,63596941.92630515,2.384185791015625e-07,2.0701585076634924e-07,7.335846079883538e-07,1.6836949865136241e-06,2798265.4007564047,2225892.9324168377,572372.4683277862,1.1780881322920322e-05
2020-09-27,2803059.0736946217,6.235069255034935e-06,4.122205102909713e-06,63596941.92629504,63596941.9263054,2.4586915969848633e-07,1.7443253466220632e-07,6.177200856343961e-07,1.4177900425612992e-06,2798265.4007565794,2225892.9324174556,572372.468329204,9.919749572873116e-06
2020-09-28,2803059.0736943344,5.285972553537683e-06,3.3005910540854637e-06,63596941.9262971,63596941.92630568,2.8312206268310547e-07,1.4698761083179266e-07,5.201485043915167e-07,1.1938798243180573e-06,2798265.4007567265,2225892.9324179757,572372.4683303979,8.3529157564044e-06
2020-09-29,2803059.0736940317,4.587645945418383e-06,2.130605294344905e-06,63596941.92629927,63596941.92630599,3.0547380447387695e-07,1.23830694601953e-07,4.3798120106994186e-07,1.0053318319736723e-06,2798265.4007568504,2225892.932418414,572372.4683314032,7.033231668174267e-06
2020-09-30,2803059.0736938207,3.928064157974434e-06,1.4874931615316002e-06,63596941.92630078,63596941.926306196,2.086162567138672e-07,1.0429529073716924e-07,3.6878945423033265e-07,8.465612709207449e-07,2798265.4007569547,2225892.9324187827,572372.4683322498,5.922163836658001e-06
