Date,S,E,I,R,All exposed,Daily exposed,Daily admissions,Daily remissions,Daily deaths,All admissions,All remissions,All deaths,Active cases
2020-01-31,66400000.0,0.0,1.0,0.0,1.0,0.0,0.0,0.0,0.0,0.0,0.0,0.0,0.0
2020-02-01,66399998.55695888,1.2896448622106007,0.7166645655272842,0.4367316907021537,2.4430411184400387,1.4430411184400387,2.500879113976123e-06,5.772723336320559e-16,2.8430114189089672e-11,2.500879113976123e-06,5.772723336320559e-16,2.8430114189089672e-11,2.5008506832846615e-06
2020-02-02,66399997.32494255,2.1462626162936616,0.7191974054960748,0.8095974236641948,3.6750574454539313,1.2320163270138926,0.00015162650113307818,5.847890553627593e-12,3.3748921034314595e-09,0.0001541273802470543,5.8484678259612254e-12,3.403322217620549e-09,0.00015412397107636885
2020-02-03,66399995.95801318,2.961033908531623,0.8576587514055687,1.2232941594149886,5.04198681935218,1.366929373898249,0.0008613690506678924,6.435497535506079e-10,1.1772062577198448e-07,0.0010154964309149466,6.493982213765691e-10,1.2112394798960502e-07,0.0010153746575687357
2020-02-04,66399994.266435966,3.911461447872523,1.0868580623558781,1.7352445206868297,6.733564030915231,1.6915772115630503,0.002452165436568121,2.2516605734115077e-08,1.0879533321361687e-06,0.0034676618674830675,2.3166003955491646e-08,1.2090772801257738e-06,0.0034664296241989864
2020-02-05,66399992.09763743,5.10847852268613,1.4022596567301162,2.3916243887690234,8.90236256818527,2.168798537270039,0.005069711776548387,2.929438865926697e-07,5.450233312974586e-06,0.008537373644031454,3.161098905481613e-07,6.6593105931003596e-06,0.008530398223547805
2020-02-06,66399989.29103543,6.648283326879293,1.8196478024404132,3.241033448171473,11.708964577491178,2.8066020093059088,0.008782771596569138,2.091804230362733e-06,1.8800264857945474e-05,0.01732014524060059,2.407914120910894e-06,2.5459575451045835e-05,0.017292277751028633
2020-02-07,66399985.644615695,8.64715523973627,2.363618377872984,4.344610690113112,15.355384307722364,3.6464197302311856,0.013679013494679326,9.980895135279403e-06,5.053394248431748e-05,0.030999158735279916,1.2388809256190296e-05,7.599351793536331e-05,0.03091077640808836
2020-02-08,66399980.90813605,11.241059306679972,3.072713487292509,5.77809116102039,20.09186395499287,4.736479647270507,0.0199276094039575,3.566104735706653e-05,0.00011386538550658941,0.05092676813923741,4.804985661325682e-05,0.00018985890344195273,0.0506888593791822
2020-02-09,66399974.74831284,14.615127031727862,3.9942179482115105,7.6423421839262975,26.251687163865668,6.1598232088727976,0.02781774738888443,0.00010263153584643148,0.00022537845427172935,0.07874451552812184,0.00015068139245968829,0.0004152373577136821,0.07817859677794847
2020-02-10,66399966.7413487,19.001799999941397,5.191226475343244,10.065624831626359,34.258651306911,8.00696414304533,0.03778623049303207,0.0002500843228366988,0.00040455535139011814,0.1165307460211539,0.0004007657152963871,0.0008197927091038002,0.11531018759675371
2020-02-11,66399956.34041239,24.697137136532252,6.74901440319414,13.213436070771436,44.65958761049783,10.400936303586832,0.05044642335711155,0.0005347298925231593,0.0006736861517486613,0.16697716937826546,0.0009354956078195464,0.0014934788608524615,0.16454819490959344
2020-02-12,66399942.81099602,32.104648608818636,8.776282484096125,17.30807289234143,58.18900398525619,13.529416374758362,0.06662379505369785,0.0010303456598002119,0.001058423021537951,0.23360096443196332,0.0019658412676197582,0.0025519018823904126,0.22908322128195316
2020-02-13,66399925.205473594,41.75238117465679,11.405812966892324,22.636332268216943,75.79452640976606,17.60552242450987,0.08740612898922938,0.0018260512129178643,0.0015891051258608625,0.3210070934211927,0.0037918924805376225,0.004141007008251275,0.3130741939324038
2020-02-14,66399902.326750375,54.296228381130476,14.816508780624785,29.560512464408138,98.6732496261634,22.878723216397333,0.11421723708545731,0.0030250305847526844,0.0023028945260241797,0.43522433050665,0.006816923065290307,0.006443901534275455,0.42196350590708426
2020-02-15,66399872.652148545,70.54479707888608,19.2616056141568,38.54144876210552,128.3478514551484,29.674601828985004,0.14891150911091397,0.004745454669001427,0.0032467461764691405,0.584135839617564,0.011562377734291734,0.009690647710744595,0.5628828141725277
2020-02-16,66399834.05849127,91.65906006540915,25.06073014429379,50.22171852816694,166.94150873786987,38.593657282721466,0.19388682311117547,0.007124902030040628,0.004481277122609775,0.7780226627287394,0.018687279764332362,0.01417192483335437,0.7451634581310527
2020-02-17,66399783.802845635,119.16654834219494,32.59913653703016,65.431469488022,217.1971543672471,50.25564562937723,0.2522403646489612,0.010328982999927596,0.006085668245509989,1.0302630273777007,0.02901626276425996,0.02025759307886436,0.9809891715345763
2020-02-18,66399718.365696475,155.07791891266322,42.32049903945743,85.23588557954459,282.63430353166524,65.43714916441814,0.3280060324271176,0.014564437012797428,0.008163811896401904,1.3582690598048184,0.043580699777057384,0.028421404975266264,1.2862669550524948
2020-02-19,66399633.37240135,201.7259046650859,54.94273790121886,110.95895608926178,367.62759865556654,84.9932951239013,0.4264596529808667,0.02009683686838674,0.010852049126301406,1.784728712785685,0.06367753664544412,0.03927345410156767,1.6817777220386734
2020-02-20,66399523.23635438,261.96365620221025,71.50851061056343,144.29147880714942,477.7636456199231,110.13604696435658,0.5544718655299512,0.027273196293578425,0.014329043279735604,2.339200578315636,0.09095073293902255,0.05360249738130327,2.19464734799531
2020-02-21,66399380.02773665,340.19019114549803,93.14861765811963,187.6334545539433,620.9722633575609,143.20861773763778,0.7209057906124505,0.03655019832730309,0.018828540584345656,3.0601063689280865,0.12750093126632564,0.07243103796564893,2.860174399696112
2020-02-22,66399193.41147708,442.4027016199308,121.07295610520696,244.11286519634655,807.5885229214842,186.61625956392334,0.9371869798954876,0.04852942042681609,0.02465589459047162,3.997293348823574,0.17603035169314174,0.09708693255612055,3.724176064574312
2020-02-23,66398950.31195116,575.9785473354599,157.02231490225103,317.68718660923236,1050.6880488469433,243.09952592545903,1.2182215970625758,0.06400177262617322,0.03220934277283334,5.21551494588615,0.24003212431931498,0.12929627532895388,4.846186546237881
2020-02-24,66398635.35422564,748.4080762335063,204.2278648433542,413.009833286446,1365.6457743633064,314.9577255163631,1.5835781830125237,0.08400424852966337,0.042007400793694215,6.799093128898673,0.32403637284897835,0.1713036761226481,6.303753079927046
2020-02-25,66398226.4204602,971.7645146929585,266.03981219163643,536.7752129146043,1774.5795397991992,408.93376543589284,2.0587187879696467,0.10989292373399788,0.054724506621286716,8.85781191686832,0.43392929658297624,0.22602818274393482,8.197854437541409
2020-02-26,66397693.33935127,1263.9008561971582,345.644335625744,698.1154569174465,2307.6606487403487,533.0811089411495,2.676414286477954,0.14343713597684907,0.07123777191676077,11.534226203346273,0.5773664325598253,0.2972659546606956,10.659593816125753
2020-02-27,66396999.3806338,1645.0253173785766,448.44577099879564,908.1482778277505,3001.619366205123,693.958717464774,3.4792199261371737,0.18694140544875448,0.09268796979396884,15.013446129483448,0.7643078380085798,0.3899539244546645,13.859184367020204
2020-02-28,66396100.299421415,2136.908883138622,583.5254155103701,1180.2662799388318,3900.7005785878237,899.0812123827009,4.522928744177621,0.24340403244963832,0.1205584048602619,19.536374873661067,1.0077118704582182,0.5105123293149264,18.01815067388792
2020-02-29,66394932.001530536,2775.2027645766816,759.9240732945268,1533.871631596323,5068.998469467531,1168.2978908797077,5.880074460998312,0.3167239671171376,0.15677721349924323,25.41644933465938,1.3244358375753558,0.6672895428141696,23.424723954269854
2020-03-01,66393408.512980536,3610.861870840281,986.6337822994168,1994.991366326242,6592.48701946594,1523.4885499984084,7.644152578066014,0.4119703224153444,0.203850933750286,33.060601912725396,1.7364061599907001,0.8711404765644557,30.45305527617024
2020-03-02,66391428.03806137,4697.7979442228825,1280.7195457957582,2594.4444486162065,8572.961938634848,1980.474919168908,9.936911940364027,0.5357328282921765,0.26503830410422713,42.99751385308942,2.272138988282877,1.1361787806686827,39.58919608413787
2020-03-03,66388861.55118175,6101.05367740671,1667.0976457804572,3371.29749507228,11139.448818259447,2566.486879624599,12.917845942142044,0.6965775359614521,0.34457521700875327,55.91535979523147,2.968716524244329,1.480753997677436,51.4658892733097
2020-03-04,66385524.17804003,7925.016538482121,2170.2682420993433,4381.537179392029,14476.821959973493,3337.373141714046,16.79367873920637,0.9056395563086738,0.44796719935704543,72.70903853443784,3.8743560805530026,1.9287211970344815,66.90596125685036
2020-03-05,66381171.78767871,10313.94748184516,2816.15593554342,5699.10890390717,18829.212321295752,4352.390361322259,21.83114883023086,1.1773933888793169,0.5823712991284178,94.5401873646687,5.05174946943232,2.5110924961628993,86.97734539907347
2020-03-06,66375520.79270174,13413.256673105687,3657.028063074641,7409.922562083844,24480.207298264173,5650.994976968421,28.378382019867377,1.5306537620451655,0.7570920592003446,122.91856938453607,6.582403231477485,3.268184555363244,113.06798159769534
2020-03-07,66368196.41964325,17415.5112072117,4761.518316217478,9627.550833325093,31804.580356754268,7324.373058490095,36.890935144067114,1.9898771967484385,0.9842234202074791,159.80950452860318,8.572280428225923,4.252407975570723,146.98481612480654
2020-03-08,66358668.06820914,22623.686893192993,6196.381107679327,12512.86378998935,41332.93179086167,9528.351434107404,47.95771806564935,2.5868548775784412,1.2794843478340288,207.76722259425253,11.159135305804364,5.531892323404751,191.0761949650434
2020-03-09,66346255.78967302,29434.50258204797,8036.090007049126,16274.61773787989,53745.21032697699,12412.278536115315,62.339160078860886,3.362912170781786,1.663309267484267,270.10638267311344,14.52204747658615,7.195201590889019,248.38913360563828
2020-03-10,66330194.550725125,38205.764660517365,10447.05521095181,21153.629403406383,69806.44927487556,16061.238947898571,81.02788031380919,4.371766220278274,2.1622615870665496,351.13426298692264,18.893813696864424,9.357463177955568,322.8829861121026
2020-03-11,66309823.494843654,49143.80537721985,13559.095072718439,27474.604706407856,90177.50515634615,20371.055881470587,105.3143878046312,5.68324194633963,2.810861666601862,456.44865079155386,24.577055643204055,12.16832484455743,419.70327030379235
2020-03-12,66284595.37735589,62345.26184038633,17396.09448838584,35664.26631534312,115405.6226441153,25228.117487769152,136.81020410642023,7.388102658659725,3.653960819460524,593.2588548979741,31.96515830186378,15.822285664017954,545.4714109320923
2020-03-13,66253951.31465477,77843.75791138461,22103.411646760236,46102.51578709308,146049.68534523793,30644.06270112263,177.38107109725365,9.604320098240626,4.749786490966105,770.6399259952277,41.56947840010441,20.57207215498406,708.4983754401392
2020-03-14,66217229.85179982,95785.44287926909,27724.74921321936,59260.956107685444,182771.1482001739,36721.46285493596,229.0148585523664,12.485200550734126,6.173634395890484,999.6547845475941,54.054678950838536,26.745706550874544,918.8543990458811
2020-03-15,66173813.361259796,116284.94225353998,34227.41876884599,75675.27771781682,226187.6387402028,43416.4905400289,293.6998513620826,16.229848112046223,8.021880248289966,1293.3546359096767,70.28452706288476,34.76758679916451,1188.3025220476275
2020-03-16,66123571.23237238,138901.39597915055,41760.926030307535,95767.44561816001,276429.7676276181,50242.12888741531,373.3500500025716,21.096313886811323,10.415689156064117,1666.7046859122484,91.38084094969608,45.18327595522863,1530.1405690073236
2020-03-17,66066231.69182192,163514.07200101708,50137.609332114174,120117.62684494842,333769.30817807966,57339.54055046156,469.70606773847715,27.417243553975933,13.503718446095235,2136.4107536507254,118.79808450367202,58.686994401323865,1958.9256747457296
2020-03-18,66002080.698887914,189459.6013378462,59310.91489721599,149149.78487701694,397920.3011120791,64150.992933999456,584.1674400380697,35.61687889827519,17.463243370421303,2720.578193688795,154.4149634019472,76.15023777174517,2490.0129925151027
2020-03-19,65931840.790410385,215760.75434368104,69236.92632436543,183162.528921564,468160.20958961046,70239.90847753134,717.6353311607713,46.22721009892334,22.49927776163488,3438.2135248495665,200.64217350087054,98.64951553338005,3138.9218358153157
2020-03-20,65856126.9187062,241894.72378730742,79368.69124891901,222610.66625757085,543874.0812937974,75713.8717041869,870.2893576164146,59.900381001700715,28.841321563731128,4308.502882465981,260.54255450257125,127.49083709711118,3920.4694908662987
2020-03-21,65776515.44097672,266410.83263115934,89608.03908414161,267466.68730798096,623485.5590232819,79611.47772948456,1041.3707465810419,77.41435393443213,36.73740420907713,5349.873629047023,337.9569084370034,164.2282413061883,4847.688479303832
2020-03-22,65694765.99409055,287985.677558595,99651.63315517316,317597.6951956813,705235.0059094494,81749.44688616751,1229.0373420402254,99.66921870560579,46.44509476233837,6578.910971087249,437.62612714260916,210.67333606852668,5930.611507876113
2020-03-23,65612507.10298965,305847.0328559937,108683.09754054036,372963.76661381056,787493.8970103447,82258.89110089524,1430.1704166376564,127.67208996786252,58.21924681355065,8009.081387724906,565.2982171104717,268.8925828820773,7174.890587732357
2020-03-24,65532190.86303004,318434.8140700445,116574.94750012299,432800.3753997893,867810.1369699568,80316.23995961214,1640.2952060335763,162.50904521808133,72.29645950278301,9649.376593758481,727.807262328553,341.18904238486033,8580.380289045068
2020-03-25,65456041.237570085,324737.9750077277,122921.08651021506,496300.7009119696,943959.7624299123,76149.62545995554,1853.6513020343639,205.3029934149842,88.8764585752113,11503.027895792846,933.1102557435372,430.06550096007163,10139.852139089237
2020-03-26,65386639.86377019,323752.3374797618,126932.99742958721,562675.8013204659,1013361.1362298148,69401.3737999025,2063.27979869407,257.15687830495244,108.10098735187745,13566.307694486915,1190.2671340484897,538.166488311949,11837.874072126477
2020-03-27,65320347.40934248,320252.8325905791,128815.51498951031,630585.2430774289,1079653.5906575182,66292.4544277034,2261.229247730904,319.08236033588537,130.03128478108513,15827.53694221782,1509.349494384375,668.1977730930341,13649.989674740411
2020-03-28,65252852.06909451,318584.18134310644,129445.17001455861,699119.5795478283,1147148.9309054934,67495.3402479752,2439.4190473134304,391.91522986029435,154.6255962184054,18266.95598953125,1901.2647242446694,822.8233693114396,15542.86789597514
2020-03-29,65185376.19332981,317169.8357606347,129637.78567823292,767817.1852313213,1214624.806670189,67475.87576469546,2591.8587594686765,476.2203527668153,181.71880318499976,20858.814748999925,2377.485077011485,1004.5421724964393,17476.787499492
2020-03-30,65117900.26409433,316056.7215310951,129457.95488233858,836586.0594922381,1282100.7359056717,67475.92923548282,2716.210231481719,572.190843501768,211.00824433494896,23575.024980481645,2949.675920513253,1215.5504168313882,19409.798643137005
2020-03-31,65050635.26682346,314961.4010152556,129193.46207903815,905210.8700822477,1349365.7331765415,67264.99727086979,2813.2639176340213,679.5486074423779,242.05240963267366,26388.288898115665,3629.224527955631,1457.602826464062,21301.461543695972
2020-04-01,64983621.25134513,313841.32144511025,128888.20048654864,973650.2267232132,1416379.7486548722,67014.01547833066,2885.78507859075,797.4575398504519,274.2882265712952,29274.073976706415,4426.682067806083,1731.8910530353571,23115.500855864975
2020-04-02,64916826.296324216,312755.26503436116,128483.27212549953,1041936.1665159252,1483174.703675786,66794.95502091385,2937.4590605674243,924.4670540833508,307.0670209578405,32211.53303727384,5351.149121889433,2038.9580739931976,24821.425841391207
2020-04-03,64850314.72782291,311625.974869462,128058.08242870479,1110002.2148789275,1549686.2721770941,66511.5685013081,2972.1569975283664,1058.5087719150322,339.7031830531505,35183.6900348022,6409.657893804466,2378.661257046348,26395.37088395139
2020-04-04,64784128.44283216,310407.59896498517,127660.29659042075,1177804.6616124369,1615872.5571678428,66186.28499074862,2993.504658641982,1196.9665704398099,371.5264811943663,38177.19469344419,7606.624464244276,2750.187738240714,27820.382490959197
2020-04-05,64718222.412862554,309176.7547448566,127212.8904457845,1245388.941946807,1681778.5871374481,65906.02996960538,3004.6509733934554,1336.8265123479805,401.9293153595741,41181.845666837646,8943.450976592256,3152.1170536002883,29086.2776366451
2020-04-06,64652591.80346351,307953.095168882,126696.84603806138,1312759.2553295477,1747409.1965364912,65630.60939904302,3008.188539063085,1474.8927172606714,430.4027610093129,44190.03420590073,10418.343693852927,3582.5198146096013,30189.170697438203
2020-04-07,64587276.79365611,306692.4847982362,126158.23506862287,1379873.4864770344,1812724.2063438934,65315.00980740227,3006.180817654474,1608.0368680993693,456.55850294665504,47196.2150235552,12026.380561952295,4039.0783175562565,31130.75614404665
2020-04-08,64522364.30588607,305284.52910077764,125710.937605241,1446641.2274079188,1877636.6941139374,64912.48777004401,3000.2242601206676,1733.4403521830543,480.1366703685943,50196.43928367587,13759.820914135349,4519.214987924851,31917.40338161567
2020-04-09,64457838.29716508,303763.9366137426,125320.84582231558,1513077.9203988665,1942162.7028349247,64526.00872098724,2991.5067677723905,1848.7913453935405,501.001646547856,53187.94605144826,15608.612259528889,5020.216634472707,32559.117157446664
2020-04-10,64393577.49039156,302313.83599623345,124801.62205201144,1579308.0515601973,2006423.5096084422,64260.806773517514,2980.867274754821,1952.411662239587,519.1289910023634,56168.81332620308,17561.023921768476,5539.34562547507,33068.44377895953
2020-04-11,64329550.13198129,300990.65422409144,124096.64831027195,1645363.5654843487,2070450.8680187121,64027.35841026995,2968.8882670553635,2043.3045480938772,534.5868226083993,59137.70159325845,19604.328469862354,6073.932448083469,33459.440675312624
2020-04-12,64265821.74248783,299713.16344607715,123290.28192968821,1711175.8121364089,2134179.257512174,63728.38949346193,2956.0005593309083,2121.1295939041606,547.5146913958531,62093.70215258936,21725.458063766513,6621.447139479323,33746.79694934352
2020-04-13,64202555.11660252,298262.4809838706,122607.85555949912,1776575.5468541156,2197445.883397485,63266.62588531105,2942.539131541586,2186.121282039453,558.1024235439853,65036.24128413094,23911.579345805967,7179.549563023308,33945.11237530167
2020-04-14,64139848.83677746,296510.0989018208,122182.41108909332,1841459.653231625,2260152.1632225392,62706.27982505411,2928.7369443269663,2238.9723039520513,566.5707824048706,67964.97822845791,26150.551649758017,7746.120345428179,34068.306233271716
2020-04-15,64077460.361090146,294809.055810556,121653.58136698681,1906078.0017323145,2322540.6389098573,62388.475687318016,2914.6931319229193,2280.702525172885,573.1550607698703,70879.67136038083,28431.254174930902,8319.275406198049,34129.14177925188
2020-04-16,64015337.88245966,293242.7830702888,120936.84303443768,1970483.491435615,2384663.117540342,62122.47863048455,2900.3997188912303,2312.5309758894923,578.0919937317917,73780.07107927206,30743.785150820393,8897.36739992984,34138.918528521834
2020-04-17,63953610.61649251,291638.6600635883,120210.65522920756,2034541.0682146961,2446390.383507492,61727.26596715022,2885.842580738507,2335.7631722635033,581.6098471915393,76665.91366001057,33079.548323083895,9478.97724712138,34107.388089805296
2020-04-18,63892391.298790924,289847.0282924489,119630.0961701829,2098132.5767464433,2507609.701209075,61219.3177015828,2871.0426952129123,2351.700676059336,583.9213522724557,79536.95635522348,35431.24899914323,10062.898599393835,34042.80875668641
2020-04-19,63831540.5839174,288074.11301165214,118984.63652151855,2161401.6665494293,2568460.4160826,60850.714873525314,2856.016689106496,2361.5749783925794,585.2192014827848,82392.97304432998,37792.82397753581,10648.11780087662,33952.03126591755
2020-04-20,63771045.72949207,286346.9943511004,118247.67307584641,2224360.60308098,2628955.270507927,60494.85442532692,2840.751130122904,2366.504225925657,585.6737880628807,85233.72417445289,40159.32820346147,11233.7915889395,33840.60438205192
2020-04-21,63710977.29790693,284574.72074805846,117514.16244814993,2286934.8188968603,2689023.7020930685,60068.43158514146,2825.236523629203,2367.469323606065,585.4327189260598,88058.9606980821,42526.79752706753,11819.224307865561,33712.93886314901
2020-04-22,63651394.25356493,282682.4091233531,116862.71117151431,2349061.626140199,2748606.7464350667,59583.044341998175,2809.480236782578,2365.305318361898,584.6215767232528,90868.44093486467,44892.10284542943,12403.845884588814,33572.49220484643
2020-04-23,63592216.51237067,280791.4337748474,116169.55951393764,2410823.494340545,2807784.4876293303,59177.741194263566,2793.4842438987594,2360.7040901285636,583.3455083357168,93661.92517876343,47252.806935557994,12987.191392924531,33421.9268502809
2020-04-24,63533411.19025502,278956.1750144202,115379.8953278326,2472253.7394027165,2866589.8097449695,58805.322115639225,2777.2346357417164,2354.224763876139,581.6913141717826,96439.15981450514,49607.031699434134,13568.882707096314,33263.24540797469
2020-04-25,63475012.17395116,277136.31417664746,114536.72240086544,2533315.7894713297,2924988.8260488426,58399.016303873155,2760.7260640888176,2346.308755860038,579.7297512919965,99199.88587859395,51953.34045529417,14148.61245838831,33097.932964911466
2020-04-26,63417117.63302773,275200.3481856553,113777.25111694323,2593905.767669665,2982883.366972264,57894.54092342127,2743.9753291303055,2337.296958193,577.5178296219112,101943.86120772426,54290.63741348717,14726.130288010221,32927.09350622686
2020-04-27,63359739.509027176,273138.34758083493,113113.3651727944,2654009.778219187,3040261.4909728165,57378.124000552576,2727.0018281548387,2327.4471789254912,575.1009946725097,104670.8630358791,56618.08459241266,15301.231282682731,32751.547160783703
2020-04-28,63302757.15973751,271127.61381949903,112362.95574168627,2713753.2707012985,3097243.840262484,56982.34928966733,2709.797498665871,2316.9505260223905,572.5151566908936,107380.66053454496,58935.03511843505,15873.746439373625,32571.87897673629
2020-04-29,63246138.19853855,269220.3618548552,111473.27844726061,2773169.1611593314,3153862.801461447,56618.961198963225,2692.3361615322574,2305.945949358689,569.7885069163428,110072.99669607723,61240.98106779374,16443.53494628997,32388.48068199352
2020-04-30,63189953.076909035,267323.0638305631,110542.58309344012,2832182.2761669545,3210047.9230909576,56185.12162951054,2674.616040505618,2294.5326137840684,566.9430412778705,112747.61273658284,63535.51368157781,17010.47798756784,32201.621067437194
2020-05-01,63134356.927202165,265222.1153948976,109793.61974410297,2890628.3376588277,3265644.0727978284,55596.14970687078,2656.6700451588026,2282.780088276176,563.9957830722121,115404.28278174164,65818.29376985399,17574.473770640052,32011.515241247598
2020-05-02,63079291.71693214,263005.06486180326,109137.31776234138,2948566.9004437113,3320709.283067856,55065.21027002763,2638.5257308567875,2270.736467303784,560.9597999372179,118042.80851259842,68089.03023715777,18135.43357057727,31818.344704863383
2020-05-03,63024586.99232356,260918.28925951384,108319.1666331115,3006176.551783804,3375414.007676429,54704.72460857313,2620.1646024177694,2258.434591421411,557.8451060778127,120662.9731150162,70347.46482857918,18693.27867665508,31622.229609781938
2020-05-04,62970224.23283182,258992.9429501159,107308.1056359363,3063475.718582122,3429776.7671681745,54362.75949174538,2601.5537907148782,2245.8966314823037,554.659427847208,123264.52690573108,72593.36146006148,19247.93810450229,31423.22734116731
2020-05-05,62916341.39043045,257038.51024061805,106303.40800739673,3120317.6913215327,3483659.6095695477,53882.8424013732,2582.7064655479953,2233.1374190160655,551.4087534336613,125847.23337127907,74826.49887907755,19799.34685793595,31221.387634265568
2020-05-06,62863142.154891975,254771.14754722262,105601.51996323455,3176486.17759756,3536858.8451080173,53199.23553846963,2563.680008984909,2220.166899183906,548.0976926980505,128410.91338026398,77046.66577826146,20347.444550634,31016.80305136852
2020-05-07,62810427.30873472,252476.7621204059,104906.75953286196,3232190.1696120007,3589573.6912652687,52714.84615725139,2544.506808422744,2206.9919220506135,544.7297924613258,130955.42018868672,79253.65770031208,20892.17434309533,30809.58814527932
2020-05-08,62758041.83264514,250378.55535550558,103987.9082612922,3287592.7037380594,3641959.167354857,52385.47608958837,2525.1522095997493,2193.6174514095264,541.3078930101676,133480.57239828646,81447.27515172161,21433.482236105498,30599.81501045935
2020-05-09,62706033.6072666,248412.30343705046,102913.118465655,3342641.9708306883,3693967.3927333937,52008.22537853662,2505.581716248077,2180.047312905066,537.8344344488328,135986.15411453453,83627.32246462668,21971.31667055433,30387.51497935352
2020-05-10,62654637.43680621,246248.95205212873,102026.48881130869,3397088.1223303475,3745363.563193785,51396.170460391324,2485.8219476842605,2166.2847160127335,534.3115859236618,138471.97606221878,85793.6071806394,22505.62825647799,30172.74062510138
2020-05-11,62603840.07054009,243910.18086638514,101306.9645336802,3450943.7840598393,3796160.929459905,50797.36626611976,2465.927148548248,2152.3327340417054,530.7412490409271,140937.90321076702,87945.9399146811,23036.369505518916,29955.593790567
2020-05-12,62553438.08659282,241686.62650581045,100452.66850244206,3504423.618398918,3846562.91340717,50401.98394726543,2445.904488145122,2138.194712104426,527.1251004999153,143383.80769891213,90084.13462678553,23563.49460601883,29736.178466107776
2020-05-13,62503423.948492624,239591.41608532306,99451.07246953044,3557534.562952519,3896577.0515073724,50014.138100202195,2425.723980793447,2123.874460631233,523.4647181146213,145809.53167970557,92208.00908741677,24086.95932413345,29514.563268155354
2020-05-14,62453943.923259504,237419.6744688572,98517.33996651531,3610120.06230512,3946057.076740492,49480.025233119726,2405.3846671263213,2109.376222844779,519.7616743149491,148214.9163468319,94317.38531026154,24606.7209984484,29290.81003812195
2020-05-15,62405047.2733309,235103.556831724,97723.70120273421,3662126.4686346385,3994953.726669097,48896.64992860472,2384.9195532777303,2094.7045767382688,516.0175283533591,150599.8359001096,96412.0898869998,25122.73852680176,29065.007486308044
2020-05-16,62356590.18120208,232848.339306378,96856.81725200563,3713705.6622395352,4043410.818797919,48457.092128822114,2364.3460192455605,2079.8644038267194,512.2337939078968,152964.18191935518,98491.95429082653,25634.972320709658,28837.255307818992
2020-05-17,62308553.574409395,230682.45540341674,95888.07625160828,3764876.8939355747,4091447.4255906,48036.60679268092,2343.6543774512984,2064.860897440808,508.41195792208475,155307.8362968065,100556.81518826734,26143.384278631744,28607.636829907406
2020-05-18,62261015.76144884,228496.19406949455,94933.4728010842,3815555.5716805747,4138985.2385511533,47537.81296055345,2322.8478637846247,2049.699527485434,504.553516540759,157630.6841605911,102606.51471575277,26647.937795172504,28376.23164966583
2020-05-19,62214052.72642399,226182.86950251475,94105.95705196002,3865659.4470215207,4185948.2735759956,46963.03502484225,2301.9523860547756,2034.3859608052153,500.6599761996292,159932.63654664587,104640.90067655798,27148.597771372133,28143.13809871575
2020-05-20,62167557.18530226,223895.09302037468,93246.83521705189,3915301.8864603024,4232443.814697729,46495.54112173384,2280.9854987374815,2018.925993759562,496.73284617662824,162213.62204538335,106659.82667031755,27645.33061754876,27908.464757517046
2020-05-21,62121484.158024654,221697.03861950635,92289.86809860195,3964529.935257231,4278516.841975339,46073.02727760933,2259.940579752344,2003.3255183473307,492.77366221072725,164473.5626251357,108663.15218866488,28138.104279759486,27672.306156711333
2020-05-22,62075868.847144976,219539.07888587454,91288.21341226545,4013304.860556872,4324132.152855013,45615.31087967381,2238.81717200797,1987.5905084414048,488.7840146999848,166712.3797971437,110650.7426971063,28626.88829445947,27434.74880557792
2020-05-23,62030818.363549225,217269.4998434666,90402.17407655808,4061510.9625307363,4369182.636450761,45050.48359574843,2217.6388701452925,1971.7270294653604,484.765538543898,168930.01866728897,112622.46972657165,29111.65383300337,27195.895107713946
2020-05-24,61986313.856719665,214914.75727185415,89605.22913089031,4109167.1568775736,4413687.143280318,44504.50682955701,2196.4314405015375,1955.7412796496485,480.71988757466954,171126.4501077905,114578.2110062213,29592.373720578038,26955.86538099116
2020-05-25,61942230.969035126,212650.60291627483,88713.6553621969,4156405.772686391,4457770.030964863,44082.88768454455,2175.191123810664,1939.6396344943096,476.6487432700584,173301.64123160116,116517.85064071561,30069.022463848098,26714.76812703745
2020-05-26,61898543.01433017,210514.21476107198,87689.33787305697,4203254.433035686,4501457.985669815,43687.954704952426,2153.8990007461052,1923.4286561717468,472.55384501891314,175455.54023234727,118441.27929688735,30541.57630886701,26472.6846265929
2020-05-27,61855326.92035023,208395.76075571877,86648.78132013111,4249629.537573907,4544674.079649757,43216.09397994168,2132.563173978442,1907.115077790255,468.43697740301326,177588.1034063257,120348.3943746776,31010.013286270023,26229.69574537808
2020-05-28,61812733.581324786,206080.39239406344,85819.02735668661,4295367.998924447,4587267.418675197,42593.339025440626,2111.2236299450506,1890.7058011787494,464.29990610357504,179699.32703627076,122239.10017585635,31474.313192373596,25985.91366804081
2020-05-29,61770667.78609797,203701.73780725588,85060.61072595675,4340570.865368801,4629333.213902013,42065.79522681609,2089.908116499805,1874.207898250184,460.1443407495167,181789.23515277056,124113.30807410654,31934.457533123114,25741.469545540913
2020-05-30,61728973.67981635,201479.24159094016,84143.16829869592,4385404.910293995,4671027.320183631,41694.106281617656,2068.5952478452473,1857.6285566617833,455.971979248421,183857.8304006158,125970.93663076832,32390.429512371535,25496.464257475956
2020-05-31,61687647.91387222,199416.0450198074,83064.24827921472,4429872.792828747,4712353.086127769,41325.76594413817,2047.2536087835488,1840.9749609478818,451.78456994697467,185905.08400939938,127811.9115917162,32842.21408231851,25250.958335364667
2020-06-01,61646837.946307525,197301.37979536547,82046.9036691521,4473814.770227941,4753163.053692458,40809.967564688995,2025.8975884122376,1824.2541982820076,447.5838864441996,187930.98159781162,129636.16578999821,33289.79796876271,25005.017839050706
2020-06-02,61606675.02976701,194947.23655619676,81290.33693359312,4517088.396743185,4793325.970232975,40162.91654051654,2004.5775481839482,1807.4732693598967,443.3716302598642,189935.55914599556,131443.6390593581,33733.16959902257,24758.75048761489
2020-06-03,61566945.14887641,192654.77622185118,80477.79905722119,4559923.275844497,4833055.8511235695,39729.880890594795,1983.3146499712434,1790.6391506717066,439.1493870422514,191918.8737959668,133234.27821002982,34172.31898606482,24512.27659987215
2020-06-04,61527576.633307576,190523.2986247569,79505.15143447477,4602395.916633175,4872424.366692406,39368.51556883659,1962.077467746277,1773.7587757102315,434.9186923787347,193880.95126371307,135008.03698574007,34607.237678443555,24265.676599529448
2020-06-05,61488646.027976245,188441.83988010668,78490.35116132312,4644422.780982312,4911354.972023741,38930.60533133522,1940.8453370567734,1756.8389074362499,430.6811066887772,195821.79660076986,136764.87589317633,35037.91878513233,24019.001922461197
2020-06-06,61450305.7457061,186191.71826630388,77665.19402659519,4685838.342000991,4949695.254293891,38340.28227014933,1919.641026041818,1739.8860289855643,426.4381916744199,197741.43762681168,138504.76192216188,35464.35697680675,23772.31872784305
2020-06-07,61412430.23560951,183948.11825911643,76845.40118173418,4726777.244949628,4987570.764390478,37875.51009658724,1898.4927377114216,1722.906364341297,422.1914333939412,199639.93036452308,140227.66828650318,35886.54841020069,23525.71366781922
2020-06-08,61374951.08575168,181805.11691129685,75932.14685306659,4767312.650483942,5025049.914248305,37479.14985782746,1877.3945725904225,1705.9059752316168,417.94221830486504,201517.3249371135,141933.5742617348,36304.490628505555,23279.26004687316
2020-06-09,61337902.0929119,179711.7413071989,74980.03687885017,4807407.128902038,5062098.907088087,37048.99283978157,1856.3358925781968,1688.8907983339482,413.69186673036074,203373.6608296917,143622.46506006873,36718.18249523592,23033.013274387064
2020-06-10,61301377.59659328,177531.0329451869,74134.69509062635,4846957.675370881,5098623.4034066945,36524.49631860759,1835.329113500554,1671.8665841171558,409.44165073821137,205208.98994319225,145294.33164418588,37127.62414597413,22787.034153032248
2020-06-11,61265317.7349655,175344.52721421694,73310.52307003348,4886028.214750231,5134683.265034482,36059.86162778735,1814.3934994385788,1654.838814983975,405.19278330414795,207023.38344263085,146949.17045916987,37532.81692927828,22541.396054182704
2020-06-12,61229664.88111073,173230.48910446305,72425.19682164467,4924680.432963147,5170336.1188892545,35652.853854772635,1793.529707383812,1637.8126707684237,400.9464238700582,208816.91315001465,148586.98312993828,37933.76335314834,22296.16666692803
2020-06-13,61194427.77839013,171172.9469065993,71496.23830847253,4962904.0363947805,5205573.221609852,35237.10272059776,1772.733654423452,1620.7930386237613,396.70370822562825,210589.6468044381,150207.77616856204,38330.467061373965,22051.40357450209
2020-06-14,61159673.417372204,169073.20595246088,70628.85975833143,5000625.516916982,5240327.582627774,34754.36101792194,1752.0163892330556,1603.784546925915,392.46576535537474,212341.66319367115,151811.56071548795,38722.93282672934,21807.169651453856
2020-06-15,61125411.001444094,166914.39281269806,69841.60961162619,5037833.996131556,5274589.99855588,34262.415928105824,1731.3963091252617,1586.7916243485756,388.2337140828798,214073.05950279642,153398.35233983654,39111.16654081222,21563.54062214766
2020-06-16,61091555.55607303,164813.112824354,69011.26268239859,5074621.068420191,5308445.4439269435,33855.445371063426,1710.8760669479484,1569.8185789877252,384.00867044097527,215783.93556974435,154968.17091882427,39495.1752112532,21320.58943966689
2020-06-17,61058079.71188253,162804.17499909244,68101.3494371985,5111015.7636811575,5341921.288117449,33475.84419050533,1690.4443821548125,1552.869672404667,379.7917720727607,217474.37995189917,156521.04059122893,39874.96698332596,21078.372377344283
2020-06-18,61025020.40516773,160831.0761098232,67172.36963058324,5146977.149091841,5374980.594832247,33059.306714798324,1670.1027696570227,1535.9491762172113,375.5841832513302,219144.48272155618,158056.98976744615,40250.551166577294,20836.941787532734
2020-06-19,60992470.00891571,158758.57683545866,66368.4684238593,5182403.94582495,5407530.991084268,32550.396252021194,1649.8733062653296,1519.0614227297333,371.38706385199816,220794.35602782152,159576.05119017587,40621.93823042929,20596.366607216354
2020-06-20,60960396.162366,156628.26055262733,65646.04493643402,5217330.532144914,5439604.837633976,32073.846549707465,1629.774429868805,1502.2108468654785,367.2015427349188,222424.13045769033,161078.26203704136,40989.13977316421,20356.728647484764
2020-06-21,60928681.18260051,154602.69802314157,64832.59965669529,5251884.519719626,5471319.817399463,31714.979765486903,1609.7945510048771,1485.4019869968529,363.028735253626,224033.92500869522,162563.6640240382,41352.16850841783,20118.09247623918
2020-06-22,60897301.362244844,152711.06457463076,63897.477655243056,5286091.09552526,5502699.637755134,31379.820355671458,1589.9103813563838,1468.6394318263988,358.86977626677765,225623.8353900516,164032.3034558646,41711.03828468461,19880.49364950238
2020-06-23,60866331.97308394,150842.03151105467,62959.51511753951,5319867.480287442,5533669.026916036,30969.38916090224,1570.1268822854217,1451.9277583109579,354.72580304849396,227193.96227233703,165484.23121417555,42065.76408773311,19643.966970428366
2020-06-24,60835907.61078506,148800.01945592975,62227.23613039936,5353066.13362859,5564093.389214919,30424.362298882566,1550.4793586025257,1435.2715126178482,350.59788868972015,228744.44163093955,166919.5027267934,42416.36197642283,19408.576927723312
2020-06-25,60805915.81525742,146739.88051436358,61536.27918410924,5385809.0250440845,5594085.184742557,29991.795527637936,1530.9902846271711,1418.6752132497413,346.4870080513049,230275.4319155667,168338.17794004316,42762.848984474134,19174.404991049414
2020-06-26,60776241.04711417,144820.81628106482,60717.33173312765,5418221.80487162,5623759.952885812,29674.768143255264,1511.6375130664724,1402.1433029763841,342.3940874413478,231787.06942863317,169740.32124301954,43105.24307191548,18941.50511369815
2020-06-27,60746897.80020927,143017.45794515754,59797.710939007215,5450288.030906551,5653103.199790715,29343.24690490309,1492.3926206065566,1385.6800373995877,338.32007419922337,233279.46204923972,171126.00128041912,43443.563146114706,18709.897622705896
2020-06-28,60718020.62440466,141134.01513537174,58986.35512050605,5481860.005339444,5681980.375595322,28877.17580460664,1473.2639814894915,1369.2894031720014,334.2659280053965,234752.72603072922,172495.29068359113,43777.829074120105,18479.606273017984
2020-06-29,60689616.6694394,139155.4060789129,58299.69048705175,5512929.233994624,5710384.330560588,28403.9549652664,1454.2818488824828,1352.9751517895475,330.2325461343891,236207.0078796117,173848.26583538068,44108.06162025449,18250.68042397652
2020-06-30,60661557.009403594,137259.616463435,57548.18787689031,5543636.186256065,5738443.99059639,28059.66003580205,1435.4518210089145,1336.7409031816128,326.2207226906281,237642.4597006206,175185.00673856228,44434.28234294512,18023.17061911319
2020-07-01,60633831.28489832,135456.33871829335,56721.713614035914,5573991.662769336,5766169.715101666,27725.724505275488,1416.754689059156,1320.5901899330647,322.2311807377065,239059.21438967975,176505.59692849536,44756.51352368282,17797.103937501568
2020-07-02,60606514.06378128,133634.68825244912,55938.80922606661,5603913.438740191,5793486.936218707,27317.221117041074,1398.1850658619346,1304.5263918571984,318.26461105979104,240457.3994555417,177810.12332035255,45074.77813474261,17572.498000446525
2020-07-03,60579625.91870727,131760.36125793034,55236.3314351693,5633378.388599614,5820375.081292713,26888.14507400617,1379.7568723770369,1288.5526399555474,314.32166413378224,241837.15632791872,179098.6759603081,45389.0997988764,17349.38056873424
2020-07-04,60553089.83706947,129937.5259901477,54503.25228493309,5662470.384655433,5846911.162930514,26536.08163780067,1361.477344590877,1272.6717802609887,310.4029275588706,243198.6336725096,180371.34774056906,45699.50272643527,17127.78320550527
2020-07-05,60526893.67190572,128178.26030800544,53726.82615571962,5691202.24163054,5873107.328094265,26196.16516375169,1343.340346791328,1256.8863964889606,306.5089313786564,244541.97401930092,181628.23413705803,46006.01165781393,16907.728224428967
2020-07-06,60501073.87445134,126425.62897845758,52968.043635242466,5719533.452934939,5898927.125548639,25819.79745437391,1325.3460834932287,1241.1988385145535,302.64016762379964,245867.32010279415,182869.4329755726,46308.65182543773,16689.235301783832
2020-07-07,60475662.51383624,124628.88256227042,52281.31419611751,5747428.289405347,5924338.486163734,25411.360615095124,1307.5054908622167,1225.6112367235423,298.7970973727287,247174.82559365637,184095.04421229614,46607.44892281046,16472.33245854977
2020-07-08,60450601.99304624,122864.53159529857,51584.97875870717,5774949.496599731,5949399.006953737,25060.52079000231,1289.8246355749327,1210.125519683966,294.9801555796951,248464.6502292313,185305.1697319801,46902.42907839015,16257.051418861054
2020-07-09,60425865.8570084,121164.8677589401,50844.59138093618,5802125.683851706,5974135.142991582,24736.136037845165,1272.2974523138942,1194.7434457101197,291.1897701583649,249736.9476815452,186499.91317769024,47193.61884854852,16043.415655306439
2020-07-10,60401467.85206128,119505.09303388133,50086.78205682354,5828941.272847995,5998533.1479387,24398.00494711846,1254.9212700044238,1179.4666446865392,287.4263801892122,250991.8689515496,187679.37982237677,47481.045228737734,15831.443900435108
2020-07-11,60377459.45626905,117806.8247845615,49395.51575707001,5855339.203189295,6022541.543730927,24008.395792226307,1237.7057904866642,1164.296671171997,283.6904323267804,252229.57474203626,188843.67649354876,47764.735661064515,15621.162587422987
2020-07-12,60353836.2610387,116070.99970850299,48769.92691987517,5881323.812332903,6046164.738961281,23623.195230354555,1220.6618711745898,1149.2350675187804,279.9823686880544,253450.23661321084,189992.91156106754,48044.71802975257,15412.607022390737
2020-07-13,60330523.795849204,114398.0310973524,48102.52133117366,5906976.651722248,6069477.204150774,23312.46518949233,1203.7843618474103,1134.2834168616089,276.3026324666796,254654.02097505826,191127.19497792915,48321.02066221925,15205.805334909863
2020-07-14,60307497.88495333,112816.91975654825,47362.2643045285,5932323.93098557,6092503.115046646,23025.91089587286,1187.05835818359,1119.443364771644,272.65168437542866,255841.07933324185,192246.63834270078,48593.67234659468,15000.768643946394
2020-07-15,60284791.64768662,111275.30901813589,46605.284715244656,5957328.758579974,6115209.352313355,22706.237266708165,1170.4833496497965,1104.7166174001045,269.02999445341334,257011.56268289164,193351.3549601009,48862.70234104809,14797.505381742652
2020-07-16,60262485.94448416,109653.04922563984,45960.349228225066,5981901.65706195,6137515.0555158155,22305.703202460892,1154.0785735648806,1090.1049399343349,265.43800318403873,258165.64125645653,194441.45990003523,49128.14034423213,14596.041012189162
2020-07-17,60240537.136173576,108006.75873164833,45366.84525560153,6006090.25983915,6159463.8638264,21948.808310584165,1137.8601169978886,1075.610151436444,261.87609661602005,259303.5013734544,195517.07005147167,49390.01644084815,14396.41488113458
2020-07-18,60218871.29838976,106436.07823204307,44717.931903498364,6029975.691474673,6181129.701610215,21665.83778381534,1121.8182058838452,1061.2340833824285,258.3446320715868,260425.31957933825,196578.30413485412,49648.36107291974,14198.654371564393
2020-07-19,60197489.912687354,104933.5787716991,44021.55262129583,6053555.955919629,6202511.087312624,21381.38570240885,1105.9330453140942,1046.978497969975,254.84398494674485,261531.25262465235,197625.2826328241,49903.205057866486,14002.764933961771
2020-07-20,60176455.302917056,103405.43517590714,43378.32327745946,6076761.938629545,6223545.697082912,21034.60977028776,1090.2011256783946,1032.8450229003113,251.3745539677584,262621.4537503307,198658.1276557244,50154.57961183424,13808.746482772069
2020-07-21,60155763.97495851,101851.29054507859,42788.62233587481,6099597.112160509,6244237.025041463,20691.327958551235,1074.6321589866775,1018.8351621746873,247.93671598846618,263696.0859093174,199676.9628178991,50402.516327822705,13616.60676359562
2020-07-22,60135359.68738465,100345.71287995383,42172.38545015803,6122123.214285209,6264641.312615321,20404.287573858164,1059.227841462528,1004.9503642917114,244.5307812975413,264755.31375077995,200681.9131821908,50647.04710912025,13426.353459468912
2020-07-23,60115236.68138899,98891.5925505627,41526.45108965168,6144346.27497077,6284764.318610984,20123.005995662883,1043.9810911768338,991.1920622959603,241.15698368713095,265799.2948419568,201673.10524448677,50888.20409280738,13237.985504662669
2020-07-24,60095427.12740632,97437.96437176722,40905.48000691781,6166230.428214965,6304573.872593651,19809.553982666694,1028.891519743623,977.561628003119,237.81548811319138,266828.1863617004,202650.66687248988,51126.01958092057,13051.499908289967
2020-07-25,60075945.12973999,95959.53218395782,40336.591395448806,6187759.746680571,6324055.870259978,19481.997666327283,1013.9665254863189,964.0602653376618,234.50639492972905,267842.15288718673,203614.72713782755,51360.525975850294,12866.899773508892
2020-07-26,60056745.24725618,94515.59305438626,39756.011079746,6208984.14860966,6343255.752743792,19199.88248381391,999.2085357944686,950.688908114453,231.22974932070645,268841.3614229812,204565.416045942,51591.755725171,12684.189651868197
2020-07-27,60037810.60178893,93124.89847307112,39143.4953210141,6229922.004416957,6362190.398211041,18934.645467249677,984.6117361632496,937.4481648331197,227.98556498652303,269825.97315914446,205502.86421077512,51819.74129015752,12503.367658211813
2020-07-28,60019155.009294346,91762.62221191707,38525.63463747142,6250557.733856238,6380845.990705627,18655.59249458555,970.1743806851873,924.3383203917554,224.7738465857896,270796.14753982966,206427.20253116687,52044.51513674331,12324.429871919478
2020-07-29,60000818.220823035,90367.11894329987,37968.59970026462,6270847.060533376,6399182.779176941,18336.788471314125,955.9038343032901,911.3593912940762,221.59459560157794,271752.051374133,207338.56192246094,52266.10973234489,12147.379719327146
2020-07-30,59982782.62624194,88958.2402958769,37450.97456309187,6290809.158899067,6417218.373758036,18035.59458109457,941.8063824520013,898.511218822797,218.44781120080427,272693.857756585,208237.07314128373,52484.5575435457,11972.227071755566
2020-07-31,59964994.6180048,87607.00685268287,36896.24005254938,6310503.135089946,6435006.381995178,17788.008237142116,927.8753750046533,885.7935685675839,215.33350349314395,273621.73313158966,209122.8667098513,52699.891047038844,11798.975374699505
2020-08-01,59947441.4629928,86326.40274828224,36290.30084444404,6329942.833414443,6452559.537007169,17553.15501199104,914.0992746535827,873.2062087330157,212.25170951200175,274535.83240624325,209996.07291858434,52912.14275655084,11627.616731108072
2020-08-02,59930153.27846322,85068.56655113584,35684.5263876863,6349094.62859793,6469847.721536752,17288.18452958297,900.4791041843091,860.7489657645367,209.2024856321765,275436.31151042756,210856.82188434887,53121.345242183015,11458.144383895677
2020-08-03,59913188.06712598,83746.04901534203,35172.88647373863,6367893.997384907,6486812.932873988,16965.211337235756,887.0293445720893,848.4217678061095,206.1858781431939,276323.34085499967,211705.24365215498,53327.53112032621,11290.566082518475
2020-08-04,59896496.0106388,82424.59698999379,34684.51680482525,6386395.875566346,6503504.989361165,16692.0564871775,873.7589527432842,836.2246666097876,203.20190853913343,277197.0998077429,212541.46831876476,53530.73302886535,11124.898460112818
2020-08-05,59880029.61520052,81166.69638638267,34151.99257986132,6404652.695833207,6519971.384799451,16466.395438285545,860.6569351172445,824.1578142934543,200.25059599318303,278057.7567428602,213365.62613305822,53730.98362485853,10961.146984943443
2020-08-06,59863795.67510137,79957.73898039402,33590.8887087582,6422656.697209452,6536205.324898604,16233.940099153668,847.708216423925,812.2214010496718,197.33198848692385,278905.4649592841,214177.8475341079,53928.315613345454,10799.301811830774
2020-08-07,59847843.40606775,78722.87848841731,33081.6524118876,6440353.063031921,6552157.593932226,15952.269033621997,834.9113864915932,800.4156040686731,194.44615780035542,279740.37634577573,214978.26313817655,54122.76177114581,10639.35143645337
2020-08-08,59832156.65819279,77480.16560633673,32604.700667520756,6457759.475533323,6567844.341807181,15686.747874954715,822.2730733717492,788.7405902913249,191.59316046446378,280562.64941914746,215767.00372846788,54314.35493161027,10481.290759069307
2020-08-09,59816696.65609227,76279.83642856494,32105.746357891094,6474918.761121248,6583304.343907704,15460.00210052263,809.7921109807187,777.1965521636421,188.7730056398922,281372.4415301282,216544.2002806315,54503.12793725017,10325.113312246503
2020-08-10,59801461.77854233,75119.37481342211,31587.329757256433,6491832.516886962,6598539.221457641,15234.877549936995,797.4620935670367,765.7837128476351,185.9856501402773,282169.9036236952,217309.98399347914,54689.11358739044,10170.806042825614
2020-08-11,59786478.94553915,73955.74698395979,31095.6576526343,6508470.649824232,6613522.054460826,14982.83300318569,785.2827543844223,754.5022678893894,183.23100363140088,282955.18637807964,218064.48626136853,54872.34459102184,10018.355525689272
2020-08-12,59771751.59476735,72779.3179943775,30640.954609845056,6524829.132628399,6628249.405232621,14727.350771795027,773.2590004608016,743.3522913343193,180.50893059525703,283728.44537854043,218807.83855270286,55052.8535216171,9867.753304220474
2020-08-13,59757244.93251339,71634.81682187918,30174.815786683233,6540946.434878015,6642756.067486578,14506.66225395631,761.3908746046123,732.3336555861712,177.81925791991824,284489.83625314507,219540.17220828903,55230.67277953702,9718.991265319019
2020-08-14,59742947.95030505,70533.21512026987,29685.223192709713,6556834.611381938,6657053.049694917,14296.982208339497,749.6728009733636,721.445991865762,175.16179334108017,285239.5090541184,220261.6182001548,55405.8345728781,9572.056281085519
2020-08-15,59728873.373255625,69451.79787549908,29196.49111779781,6572479.33775105,6671127.626744347,14074.577049429528,738.1032531869579,710.6886950382584,172.53634117751034,285977.6123073054,220972.30689519306,55578.37091405561,9426.934498056718
2020-08-16,59715051.32449356,68343.16513587895,28759.565428570455,6587846.944941964,6684949.675506413,13822.04876206629,726.6874904141426,700.0609687561312,169.94270529000698,286704.2997977195,221672.36786394918,55748.313619345616,9283.618314424719
2020-08-17,59701460.36153395,67233.2300785155,28346.31728885211,6602961.091098658,6698540.638466026,13590.96295961272,715.4288269607036,689.5618976379653,167.3806900235638,287419.7286246802,222361.92976158715,55915.69430936918,9142.104553723868
2020-08-18,59688061.88950118,66172.32674304533,27902.224323968072,6617864.559431785,6711939.110498798,13398.472032772377,704.3203880938771,679.1905216211919,164.85011139952258,288124.0490127741,223041.12028320835,56080.5444207687,9002.384308797024
2020-08-19,59674849.46985609,65165.13289329047,27422.03943915572,6632564.357811435,6725151.530143881,13212.419645083137,693.3530772600303,668.945893063197,162.3508087068763,288817.4020900341,223710.06617627156,56242.89522947558,8864.440684286958
2020-08-20,59661849.25401321,64170.05288639631,26950.464228528566,6647031.228871837,6738151.745986762,13000.21584288124,682.5282009182146,658.8271177578374,159.8826367874903,289499.9302909523,224368.8932940294,56402.77786626307,8728.259130659848
2020-08-21,59649101.39881957,63125.627362921026,26553.648275683157,6661220.325541797,6750899.601180402,12747.855193639174,671.8562895380232,648.833387702636,157.44544361266375,290171.78658049036,225017.72668173205,56560.223309875735,8593.836588882572
2020-08-22,59636559.40087093,62093.59271252489,26164.754083051765,6675183.2523334725,6763441.599129049,12541.997948647477,661.3419264331378,638.9639965348154,155.03906187040224,290833.1285069235,225656.69067826687,56715.26237174614,8461.175456910496
2020-08-23,59624193.00787811,61112.638176998465,25741.7898856493,6688953.564059218,6775807.992121866,12366.392992816865,650.9747850314275,629.2183199607792,152.6633281526444,291484.1032919549,226285.90899822765,56867.925699898784,8330.26859382847
2020-08-24,59612011.13450664,60165.83096686625,25302.83705135319,6702521.197475112,6787989.865493331,12181.873371465132,640.7436375838586,619.5957689795507,150.3181047550219,292124.84692953876,226905.5047672072,57018.24380465381,8201.098357677758
2020-08-25,59600051.03569107,59196.00200808607,24909.441298968028,6715844.521001847,6799949.964308902,11960.098815570585,630.6481250596946,610.0957553832097,148.00327228148905,292755.49505459843,227515.6005225904,57166.247076935295,8073.6474550727435
2020-08-26,59588292.128611386,58228.22385390766,24534.320651294976,6728946.326883387,6811708.871388589,11758.907079687342,620.6925422336898,600.717698037289,145.7186995976944,293376.1875968321,228116.31822062767,57311.96577653299,7947.903599671452
2020-08-27,59576708.3038614,57295.47033911728,24141.63610431411,6741855.589695139,6823292.69613857,11583.824749981053,610.874406685226,591.4610493255483,143.46422249128523,293987.06200351735,228707.77926995323,57455.42999902427,7823.852734539847
2020-08-28,59565300.385415696,56392.47848363488,23736.864741164198,6754571.271359477,6834700.614584276,11407.918445706367,601.1883608473998,582.3252943559968,141.23964232932872,294588.25036436477,229290.10456430924,57596.669641353605,7701.476158701924
2020-08-29,59554090.010297954,55484.445959105215,23357.410569108735,6767069.133173804,6845910.989702018,11210.375117741525,591.6342769051114,573.3099036214126,139.04472995922418,295179.88464126986,229863.41446793065,57735.71437131283,7580.755802026382
2020-08-30,59543074.25134032,54571.52582589376,23002.906504916173,6779352.316328846,6856926.748659655,11015.758957637474,582.2152900531171,564.4142639635409,136.8792268211874,295762.09993132297,230427.8287318942,57872.59359813402,7461.677601294745
2020-08-31,59532227.509483576,53686.14209389136,22638.08584721506,6791449.262575296,6867773.490516402,10846.741856746376,572.9301936551708,555.6376233698105,134.74285127590804,296335.03012497816,230983.466355264,58007.33644940993,7344.2273203042205
2020-09-01,59521543.02447561,52833.98553859872,22256.582246904563,6803367.40773886,6878457.975524363,10684.48500796128,563.7741626562504,546.9790663143748,132.63531273783195,296898.80428763444,231530.4454215784,58139.97176214776,7228.387103908288
2020-09-02,59511032.04971007,51995.18514106118,21879.672783500075,6815094.092365343,6888968.950289904,10510.974765541032,554.7460479443046,538.437520917807,130.5563224320681,297453.55033557874,232068.8829424962,58270.528084579826,7114.139308502723
2020-09-03,59500716.28990763,51135.05643420447,21544.660786033743,6826604.992872106,6899284.710092344,10315.759802440181,545.8495416478543,530.0117947171983,128.5055946113969,297999.39987722656,232598.89473721338,58399.03367919122,7001.471460821958
2020-09-04,59490574.201026574,50280.43348743893,21222.318903509644,6837924.04658245,6909426.798973398,10142.088881053962,537.0860239644473,521.7006286086679,126.48284755029655,298536.485901191,233120.59536582205,58525.516526741514,6890.374008627448
2020-09-05,59480578.977289215,49465.676792673316,20875.25606163777,6849081.089856447,6919422.022710758,9995.223737359978,528.4491481552848,513.5027502847076,124.4878125085506,299064.9350493463,233634.09811610676,58650.00433925007,6780.832593989471
2020-09-06,59470728.233040325,48690.47659345134,20503.59491859116,6860078.695447607,6929272.7669596495,9850.74424889125,519.9320639419783,505.4169141041284,122.52024154475066,299584.86711328826,234139.5150302109,58772.524580794816,6672.827502282547
2020-09-07,59461043.96320188,47919.90875282143,20144.913875299826,6870892.214169969,6938957.03679809,9684.269838440232,511.5362220366205,497.44192984077756,120.57990002351751,300096.4033353249,234636.95696005167,58893.104480818336,6566.34189445489
2020-09-08,59451551.92573698,47113.741996975834,19842.540157786563,6881492.792108229,6948449.074262992,9492.037464901805,503.2691015138496,489.57668573659873,118.66654977152488,300599.67243683874,235126.53364578827,59011.77103058986,6461.367760460613
2020-09-09,59442212.850492395,46324.22723720287,19539.7246817011,6891924.197588676,6957788.149507579,9339.075244587846,495.1325097266269,481.8201576158977,116.77994474130074,301094.80494656536,235608.35380340417,59128.550975331156,6357.900167830034
2020-09-10,59433008.09445314,45574.339148605475,19211.384381000877,6902207.182017229,6966992.905546835,9204.756039255299,487.1175229119144,474.17139140186504,114.9198465603601,301581.9224694773,236082.52519480605,59243.47082189152,6255.92645277972
2020-09-11,59423947.02420569,44847.276788735704,18875.496445101944,6912331.202560447,6976053.975794285,9061.070247449912,479.2160443989436,466.6294674492454,113.08603913053301,302061.13851387624,236549.15466225529,59356.55686102205,6155.426990598906
2020-09-12,59415056.61678502,44101.246306100555,18577.098885357922,6922266.038023495,6984944.383214953,8890.407420668751,471.4282896274741,459.19347699991914,111.27832048768178,302532.5668035037,237008.3481392552,59467.835181509734,6056.383482738798
2020-09-13,59406316.29214506,43362.10277501483,18287.996456559118,6932034.608623342,6993684.707854915,8740.324639962055,463.75689148854156,451.86252901313424,109.49648017856944,302996.3236949923,237460.21066826832,59577.3316616883,5958.781365035662
2020-09-14,59397708.920110755,42650.84141839797,17985.245005052566,6941655.993465767,7002292.079889217,8607.372034301981,456.1989441942511,444.6357686072116,107.74028539308156,303452.5226391865,237904.84643687552,59685.071947081386,5862.60425522962
2020-09-15,59389236.62883253,41961.12074299698,17675.505566163072,6951127.744858283,7010764.371167443,8472.29127822537,448.75019624321044,437.5123725766151,106.00948140401204,303901.27283542976,238342.35880945213,59791.0814284854,5767.832597492234
2020-09-16,59380916.23128316,41265.76381995463,17388.00774627276,6960430.997150588,7019084.768716815,8320.397549372166,441.41065387620966,430.4915116386031,104.30379426193419,304342.68348930596,238772.85032109072,59895.38522274733,5674.447945467902
2020-09-17,59372741.65373378,40570.17202106615,17116.701749986285,6969572.472495136,7027259.346266189,8174.577549373731,434.18225642373886,423.57230021538845,102.62293135055009,304776.8657457297,239196.42262130612,59998.008154097886,5582.434970325703
2020-09-18,59364694.53664348,39897.25679416805,16836.56241761793,6978572.644144702,7035306.463356487,8047.117090298794,427.06327495178107,416.7537587673774,100.96658654780359,305203.9290206815,239613.1763800735,60098.97474064569,5491.777899962282
2020-09-19,59356770.96766748,39249.430813511615,16544.773023075868,6987435.828495905,7043230.032332492,7923.568976004608,420.0497698989857,410.0347986963226,99.33445086481031,305623.97879058047,240023.21117876982,60198.309191510496,5402.4584203001505
2020-09-20,59348980.59436312,38609.86872692392,16259.363528479333,6996151.173381445,7051020.405636848,7790.37330435589,413.1409583960771,403.4142298642083,97.72621964198021,306037.11974897655,240426.62540863402,60296.03541115248,5314.458929190048
2020-09-21,59341338.38871743,37954.21514187654,16006.528836917547,7004701.867303754,7058662.611282548,7642.205645699985,406.33941851073547,396.8907882978825,96.14159280372215,306443.4591674873,240823.51619693192,60392.1770039562,5227.76596659916
2020-09-22,59333824.96427047,37307.00477134547,15759.486106321736,7013109.544851836,7066176.035729503,7513.424446955323,399.6454071061914,390.46317597624073,94.58027588765248,306843.1045745935,241213.97937290816,60486.757279843856,5142.367921841469
2020-09-23,59326422.0672991,36691.20389597655,15493.142294320367,7021394.586510579,7073578.932700876,7402.8969713728875,393.0534756696292,384.13009885149063,93.04198709209925,307236.1580502631,241598.10947175964,60579.79926693595,5058.249311567532
2020-09-24,59319129.66462948,36103.91203398501,15210.44536949401,7029556.9779670155,7080871.335370494,7292.402669617906,386.5586209135708,377.890294512879,91.52646239766328,307622.7166711767,241975.99976627252,60671.325729333614,4975.391175570585
2020-09-25,59311965.84926455,35516.49600788611,14942.23968554197,7037576.415041998,7088035.150735426,7163.81536493171,380.16227997059474,371.74255233376164,90.03344885229575,308002.8789511473,242347.7423186063,60761.35917818591,4893.777454355113
2020-09-26,59304945.643881045,34904.7266669647,14714.600914804258,7045436.028537165,7095055.356118934,7020.205383508466,373.86966760227904,365.6857296795562,88.56269217274232,308376.7486187496,242713.42804828586,60849.92187035865,4813.398700105099
2020-09-27,59298038.10591838,34309.768626071935,14482.712890951381,7053170.412564578,7101962.894081601,6907.537962666713,367.6809867717204,359.7187570541146,87.11393491722026,308744.4296055213,243073.14680534,60937.035805275875,4734.2469949054575
2020-09-28,59291232.020521946,33744.777053743324,14232.11892740629,7060792.08349688,7108768.9794780295,6806.0853964285925,361.58896456064485,353.8406233115538,85.68692864299122,309106.018570082,243426.98742865154,61022.72273391887,4656.308407511562
2020-09-29,59284536.2600269,33194.38370573444,13979.295112519756,7068291.061154823,7115464.739973077,6695.760495047085,355.58792393060287,348.05034894493633,84.28144334977384,309461.6064940126,243775.03777759647,61107.004177268645,4579.564539147461
2020-09-30,59277967.33410201,32632.398800329454,13752.455132622079,7075648.811965009,7122033.665897961,6568.925924884155,349.6783475577836,342.3469702143294,82.89725974774328,309811.28484157036,244117.3847478108,61189.901437016386,4503.99865674317
